CSDUID,pop2016,instability_CSDUID,deprivation_CSDUID,dependency_CSDUID,ethniccon_CSDUID,instability_q_CSDUID,deprivation_q_CSDUID,dependency_q_CSDUID,ethniccon_q_CSDUID
3501005,13150,-0.45761049,-0.447740012,0.424517648,-0.920535827,2,2,3,2
3501007,1487,,,,,,,,
3501011,13110,-0.53579248,-0.314937257,0.212079607,-0.847356369,2,2,2,3
3501012,46589,0.502325288,1.094100016,0.821430952,-0.546784472,5,5,4,5
3501020,10833,-0.303677395,0.156673697,0.889189851,-0.943816675,3,4,4,2
3501030,11278,-0.361617107,-0.25552528,0.033411911,-0.892563384,3,2,2,3
3501042,6873,-0.546995324,-0.410896584,-0.320175681,-0.927675019,2,2,1,2
3501050,10109,-0.116299065,0.204504661,0.587202317,-0.987174854,4,4,4,2
3502001,3296,-0.367536362,-0.055630804,0.279114537,-1.076772611,3,3,3,1
3502008,10263,0.723705099,1.363866735,1.133813257,-0.802182506,5,5,5,4
3502010,8706,-0.265001196,-0.319021397,0.531855073,-0.923127683,3,2,3,2
3502023,9680,-0.205381465,-0.181035145,0.234124369,-0.901240247,4,2,3,3
3502025,12808,-0.452510984,-0.5047691,-0.58267413,-0.826757233,2,1,1,3
3502036,24512,-0.363342021,-0.482554752,-0.250866335,-0.673611029,3,2,1,4
3502044,3548,-0.039640378,-0.425840908,-0.089258383,-0.791677646,4,2,2,4
3502048,16520,-0.594435998,-0.751085996,-0.620900338,-0.554677915,1,1,1,5
3506008,934243,0.22368974,-0.346879493,-0.327767424,0.199140948,5,2,1,5
3507004,7093,-0.299984814,-0.075945585,0.369642822,-0.91756683,3,3,3,2
3507006,7353,-0.668169743,-0.385283664,0.501379046,-0.841374814,1,2,3,3
3507008,4222,0.550776445,1.025472966,0.99776029,-0.885692167,5,5,4,3
3507014,9854,-0.45436551,-0.329550154,0.463651124,-0.892512408,2,2,3,3
3507015,21346,0.697323049,0.678604018,0.888670862,-0.683189624,5,5,4,4
3507017,2607,-0.493710039,-0.127568075,0.424939448,-0.98025253,2,3,3,2
3507021,9465,-0.455888689,-0.306521828,0.479419025,-0.961081203,2,2,3,2
3507024,5159,0.507054763,0.271154766,0.726014259,-0.781513527,5,4,4,4
3507033,590,0.675756374,-0.222443941,1.720124982,-0.92962067,5,2,5,2
3507040,10326,-0.408142161,-0.23154988,1.073543957,-0.986883946,2,2,5,2
3507042,3013,-0.507089583,-0.164151339,0.412167655,-0.955280137,2,3,3,2
3507052,3067,-0.301035465,-0.316987068,0.587186004,-0.952970898,3,2,4,2
3507065,16451,-0.406098997,-0.635120287,-0.086737996,-0.755517542,2,1,2,4
3509001,3761,-0.473287664,-0.312131851,-0.001730729,-0.816375329,2,2,2,3
3509004,8780,0.599250309,1.219031158,0.784561621,-0.732931935,5,5,4,4
3509010,7773,-0.560348258,-0.42622197,0.465967005,-0.896814234,2,2,3,3
3509015,5665,-0.410166974,-0.575960886,0.916501689,-1.026683314,2,1,4,2
3509021,5930,0.83752702,0.284323141,1.564566942,-0.9413684,5,4,5,2
3509024,7644,-0.693076901,-0.862244254,-0.346798008,-0.789641454,1,1,1,4
3509028,10644,0.047712329,-0.150491552,-0.034800179,-0.623116826,5,3,2,4
3509030,13163,-0.270396766,-0.600716662,0.288233147,-0.842642775,3,1,3,3
3509039,5338,-0.376356619,0.023188733,0.588226674,-1.112490655,3,3,4,1
3510005,1760,-0.433507413,-0.875339542,1.068704901,-1.188253016,2,1,5,1
3510010,123798,0.513781985,-0.075920486,0.128041964,-0.345032024,5,3,2,5
3510020,18646,-0.649416429,-0.644007117,0.092536461,-0.840022681,1,1,2,3
3510035,4373,-0.340665092,0.594493425,1.191926919,-1.069296973,3,5,5,2
3510045,1898,-0.19772091,0.367752331,2.30130963,-1.24023296,4,4,5,1
3511005,16971,-0.216787745,-0.354432047,0.172091211,-0.735742599,3,2,2,4
3511015,15892,-0.057130038,0.082378086,0.739890623,-0.825618436,4,3,4,3
3511030,7702,-0.59700066,-0.254960612,-0.122150905,-0.977251707,1,2,2,2
3511035,2323,-0.39627922,1.278105027,2.064552494,-1.060271886,3,5,5,2
3512001,4297,-0.717823858,-0.249684619,-0.36361422,-0.757749973,1,2,1,4
3512002,1774,-0.056599813,1.415671916,0.327461495,-0.781291267,4,5,3,4
3512004,2524,,,,,,,,
3512005,50716,0.360311258,0.359265922,0.376881971,-0.540033413,5,4,3,5
3512015,43577,-0.12098221,0.073505151,0.303049459,-0.699394535,4,3,3,4
3512020,4882,-0.34582805,0.02989639,0.138603048,-0.805449948,3,3,2,3
3512026,4774,-0.388365957,0.305045396,0.623630325,-0.833167398,3,4,4,3
3512030,6044,-0.18385959,0.471795749,0.93014973,-1.01136686,4,4,4,2
3512036,2078,-0.675054737,0.237176352,0.608161889,-0.870546525,1,4,4,3
3512046,3953,-0.164963537,1.03151343,1.62333081,-0.955194686,4,5,5,2
3512048,586,-0.223053505,1.832479394,1.542350474,-1.199161885,3,5,5,1
3512051,346,-0.201938468,2.061279597,1.342601068,-1.372626088,4,5,5,1
3512054,670,-0.011823747,0.908408246,1.674470274,-1.096632611,5,5,5,1
3512058,1401,-0.219969554,0.657592577,1.27690872,-1.08185261,3,5,5,1
3512061,3881,0.26273458,1.036081207,1.518201395,-0.881265626,5,5,5,3
3512065,864,-0.463040015,0.325449952,1.408711332,-0.981289276,2,4,5,2
3512076,4078,-0.458499306,0.341036854,1.453558197,-1.081615954,2,4,5,1
3513020,24735,-0.189263759,-0.214957782,1.242988284,-1.040569101,4,2,5,2
3514004,11844,-0.249737057,-0.168083192,1.337109714,-0.770275196,3,3,5,4
3514014,6355,-0.333716162,0.023651641,0.37742414,-0.819739957,3,3,3,3
3514019,10942,-0.579794937,-0.535075358,0.218580986,-0.83147346,2,1,2,3
3514020,16753,0.038718715,-0.123921613,0.629282743,-0.838403156,5,3,4,3
3514021,19440,0.328247569,0.038790506,1.283280819,-0.766542703,5,3,5,4
3514024,6869,-0.585385223,-0.388363408,0.15526674,-0.824169271,1,2,2,3
3514027,495,,,,,,,,
3514045,12900,-0.164216625,0.195748751,1.153522827,-0.91946309,4,4,5,2
3515003,4109,-0.315028559,0.131690677,0.382869901,-0.918438003,3,3,3,2
3515005,6670,-0.511970692,-0.556444406,0.315551502,-0.82910995,2,1,3,3
3515008,362,,,,,,,,
3515013,8829,-0.566356872,-0.524483393,0.108367508,-0.66545856,2,1,2,4
3515014,81032,0.494201681,0.327107631,0.437411877,-0.440279804,5,4,3,5
3515015,17060,-0.419076591,-0.55087231,0.726536182,-0.840173403,2,1,4,3
3515019,1059,,,,,,,,
3515023,6709,-0.666998115,-0.476573193,0.308882468,-0.851913702,1,2,3,3
3515030,4530,-0.341976554,0.422530668,1.503198344,-0.930782624,3,4,5,2
3515037,2479,-0.158938292,0.024764838,1.287135418,-1.108072689,4,3,5,1
3515044,5397,-0.304107746,-0.423905906,1.414200595,-1.135634292,3,2,5,1
3516010,75423,-0.207432632,-0.010889481,0.854389235,-0.832207452,4,3,4,3
3518001,91771,-0.45367736,-0.333255518,-0.36081864,0.45662538,2,2,1,5
3518005,119677,-0.641733158,-0.201928365,-0.719518138,0.952812309,1,2,1,5
3518009,128377,-0.563526736,-0.474539315,-0.560088328,0.170332115,2,2,1,5
3518013,159458,0.092468233,0.460431521,-0.09961262,-0.132418048,5,4,2,5
3518017,92013,-0.509594961,-0.453309603,-0.407021912,-0.373535041,2,2,1,5
3518020,21617,-0.403417721,-0.528485424,0.208993972,-0.722011129,2,1,2,4
3518022,131,,,,,,,,
3518029,21176,-0.442199826,-0.666049575,-0.227678578,-0.558151576,2,1,1,5
3518039,11642,-0.264016567,-0.024870683,0.173790931,-0.789700121,3,3,2,4
3519028,306233,-0.758700223,-0.552664908,-0.410224871,0.605768663,1,1,1,5
3519036,328966,-0.576568311,-0.301427485,-0.165676816,1.574300657,2,2,2,5
3519038,195022,-0.377693011,-0.524645594,-0.337325439,1.337178772,3,1,1,5
3519044,45837,-0.622774434,-0.83802231,-0.267574348,0.300995896,1,1,1,5
3519046,55445,-0.399079433,-0.702744883,-0.619893286,0.306063741,3,1,1,5
3519048,84224,-0.329733499,-0.374898256,-0.566246422,0.276328041,3,2,1,5
3519049,24512,-0.58898801,-0.876812041,-0.4544915,-0.236064469,1,1,1,5
3519054,23991,-0.618014708,-0.664364268,-0.44158469,-0.301870079,1,1,1,5
3519070,45418,-0.298762047,-0.060752608,-0.346183851,-0.466842181,3,3,1,5
3519076,261,,,,,,,,
3520005,2731571,0.778833877,0.255149165,-0.237355568,1.043759598,5,4,1,5
3521005,721599,-0.143145983,-0.124502433,-0.36536137,1.313114657,4,3,1,5
3521010,593638,-0.662048695,0.067875823,-0.667022169,1.737660364,1,3,1,5
3521024,66502,-0.799470559,-0.635407756,-0.628019267,-0.063440746,1,1,1,5
3522001,2579,-0.847007465,-0.825375597,-0.454186478,-0.466720443,1,1,1,5
3522008,4079,-0.844915341,-0.494875684,-0.52803961,-0.511906484,1,1,1,5
3522010,2956,-0.268076157,-0.185207278,-0.633697503,-0.567324133,3,2,1,5
3522012,8609,-0.669703671,-0.875650872,-0.269277114,-0.468841565,1,1,1,5
3522014,28900,-0.218518687,-0.288583758,-0.605697018,-0.307105803,3,2,1,5
3522016,3478,-0.459997627,-0.70960582,-0.180582857,-0.80083542,2,1,2,4
3522019,3008,-0.610608928,-0.101949554,-0.421428412,-0.506268949,1,3,1,5
3522021,8126,-0.226595345,-0.131128075,-0.539178408,-0.083601006,3,3,1,5
3523001,7336,-0.584942595,-0.951333879,0.131139379,-0.662136592,1,1,2,4
3523008,131794,0.146510368,-0.38314864,-0.362113864,-0.01272906,5,2,1,5
3523009,12854,-0.688666365,-0.787990895,-0.277553955,-0.623654039,1,1,1,4
3523017,11439,-0.592691721,-0.792110153,-0.461563639,-0.618798606,1,1,1,4
3523025,28191,-0.324280647,-0.699517215,0.103851655,-0.682724597,3,1,2,4
3523033,10527,-1.397419882,0.251948354,-0.750075617,-0.284378141,1,4,1,5
3523043,8671,-0.427078092,-0.131441788,0.231298615,-0.806661286,2,3,2,3
3523050,11914,-0.295069798,0.24721498,0.251859587,-0.780425857,3,4,3,4
3524001,193832,-0.413772319,-0.716168811,-0.502539945,0.630081191,2,1,1,5
3524002,183314,-0.089990023,-0.697753097,-0.08203442,-0.163238093,4,1,2,5
3524009,110128,-0.69239665,-0.816178597,-0.998260396,0.900866629,1,1,1,5
3524015,61161,-0.58705807,-0.652439425,-0.636436234,-0.338895804,1,1,1,5
3525005,536917,0.130732899,0.232657784,-0.016554372,-0.009839314,5,4,2,5
3526003,30710,-0.019008043,0.255687098,0.665346801,-0.748835304,5,4,4,4
3526011,18306,0.08656887,0.448539552,0.823455627,-0.849951866,5,4,4,3
3526014,6372,-0.676416443,-0.421429099,0.178033632,-0.839261357,1,2,2,3
3526021,14500,-0.771739965,-0.40091764,-0.320280345,-0.665725096,1,2,1,4
3526028,17110,-0.458058288,-0.820735397,0.556395211,-0.674099387,2,1,3,4
3526032,52293,0.219878043,0.480512462,0.477259624,-0.551083871,5,4,3,5
3526037,18801,0.077854065,0.152719495,-0.126574472,-0.328939183,5,3,2,5
3526043,88071,0.117419261,0.312320428,0.251035922,-0.331723546,5,4,3,5
3526047,17511,-0.203682382,-0.856969757,1.14079742,-0.626243544,4,1,5,4
3526053,133113,0.370950374,0.234594482,0.398394191,-0.326742098,5,4,3,5
3526057,23787,-0.427948715,-0.691893177,0.298318807,-0.608225303,2,1,3,5
3526065,27314,-0.381213541,-0.703271455,0.061697891,-0.556432068,3,1,2,5
3528018,45608,-0.452786787,-0.157471808,0.090833185,-0.756067689,2,3,2,4
3528035,135,,,,,,,,
3528037,,,,,,,,,
3528052,64044,-0.296488952,0.153757806,0.580517041,-0.783111467,3,4,4,4
3529005,36707,-0.575146612,-0.564253743,0.013185528,-0.695633877,2,1,2,4
3529006,97496,0.06336428,0.405087045,-0.038036304,-0.377094969,5,4,2,5
3529020,,,,,,,,,
3529021,605,,,,,,,,
3530004,10215,-0.754921587,-0.809966399,-0.477807296,-0.56364284,1,1,1,5
3530010,129920,-0.19802195,-0.002429021,-0.407015966,-0.176180023,4,3,1,5
3530013,233222,0.196314582,-0.089719351,-0.433959262,0.113127015,5,3,1,5
3530016,104986,0.137121692,-0.508575637,-0.366691112,0.321944857,5,1,1,5
3530020,20545,-0.650292034,-0.838036755,-0.002787932,-0.58388768,1,1,2,5
3530027,11260,-1.460197047,0.252657897,-0.625503837,-0.293568886,1,4,1,5
3530035,25006,-0.753398755,-0.557891857,-0.313842314,-0.472171775,1,1,1,5
3531011,31465,0.345798406,-0.150250793,0.124630833,-0.683488026,5,3,2,4
3531013,3810,-0.720068167,-0.72518032,-0.394010948,-0.829313979,1,1,1,3
3531016,7265,-0.072617253,-0.550165619,0.325371886,-0.837939416,4,1,3,3
3531025,8865,-0.490337632,-0.509523249,-0.268878906,-0.75146967,2,1,1,4
3531030,12261,-1.038849647,0.055033519,-0.500271541,-0.516671936,1,3,1,5
3531040,13130,-0.342644047,-0.181569331,-0.133563845,-0.748445583,3,2,2,4
3532002,11001,-0.857086696,-0.182619957,-0.446726183,-0.525394296,1,2,1,5
3532004,15872,0.141379938,0.181502075,1.017431521,-0.811517939,5,4,4,3
3532012,7664,-0.851035675,-0.263597583,-0.415161423,-0.72350167,1,2,1,4
3532018,12757,-0.176288441,-0.074673903,-0.304384489,-0.754214684,4,3,1,4
3532027,8138,-0.584319463,-0.683036695,-0.236312513,-0.821581019,1,1,1,3
3532038,7129,-0.417258551,-0.552328362,-0.048348837,-0.890201857,2,1,2,3
3532042,40902,0.170897835,-0.040739951,0.037081506,-0.607156292,5,3,2,5
3532045,7399,-0.604346163,-0.766059213,-0.331548172,-0.73559009,1,1,1,4
3534005,7396,-1.143891059,1.197548117,-0.159696222,-0.248497344,1,5,2,5
3534010,9292,-1.105839038,0.584972755,-0.451194466,-0.346179466,1,5,1,5
3534011,7492,-0.15930915,0.771759011,0.299394707,-0.432744398,4,5,3,5
3534020,12607,-0.562940889,-0.651469443,0.155226797,-0.792908973,2,1,2,4
3534021,38909,0.182479622,0.317577842,0.181134916,-0.609307317,5,4,2,5
3534024,4421,-0.677804112,-0.657676297,-0.024626646,-0.769609801,1,1,2,4
3534030,3866,-0.415224703,-0.235679626,0.069074474,-0.885769638,2,2,2,3
3534042,4995,-0.286137619,0.397976527,0.485927837,-1.017724428,3,4,3,2
3536020,101647,-0.064938882,0.422819161,0.471897155,-0.706371944,4,4,3,4
3536029,395,,,,,,,,
3537001,235,,,,,,,,
3537003,27595,-0.338006929,0.776654779,0.344363711,-0.296680499,3,5,3,5
3537013,21552,-0.517594061,-0.240331797,0.264552969,-0.704001743,2,2,3,4
3537016,20427,-0.259002961,-0.144327214,0.26528174,-0.84147924,3,3,3,3
3537028,21936,-0.394414987,-0.468725678,0.085824722,-0.632327019,3,2,2,4
3537034,30180,-0.648959701,-0.72494315,-0.237709846,-0.284035368,1,1,1,5
3537039,217188,0.365828748,0.67786058,0.203915894,0.274880646,5,5,2,5
3537048,23229,-0.430553087,-0.629636451,0.127844294,-0.555142622,2,1,2,5
3537064,36611,-0.733267369,-0.588038839,-0.292138586,-0.547250883,1,1,1,5
3538003,14086,-0.477071101,-0.455817141,0.295375918,-0.762795927,2,2,3,4
3538004,1589,,,,,,,,
3538007,1967,-0.731127654,0.100147883,0.139055558,-0.796697097,1,3,2,4
3538015,2411,-0.385859063,-0.01769438,-0.053753015,-0.870142075,3,3,2,3
3538016,2796,-0.444903081,-0.603225783,0.399717553,-0.865561625,2,1,3,3
3538018,648,-0.469129594,-0.433796978,0.087997933,-1.147169813,2,2,2,1
3538019,5742,-0.196389528,-0.142367041,0.320505715,-0.771580738,4,3,3,4
3538025,639,,,,,,,,
3538030,71594,0.273841197,0.154393876,0.476540254,-0.570633544,5,4,3,5
3538031,2037,0.16565911,-0.287153673,0.862569543,-0.919323168,5,2,4,2
3538035,7795,-0.581250149,-0.819344469,0.25973448,-0.743812982,2,1,3,4
3538040,10631,-0.118738772,-0.413822233,1.261279015,-1.051828703,4,2,5,2
3538043,3692,-0.521873637,-0.170083645,-0.011731858,-0.758171347,2,2,2,4
3538056,1011,,,,,,,,
3539002,466,-0.274008894,1.909712793,0.334860372,-0.810727951,3,5,3,3
3539005,5723,-0.300634085,-0.076892738,0.260998747,-0.983835185,3,3,3,2
3539015,20867,-0.272219111,-0.152713055,0.134164484,-0.768207647,3,3,2,4
3539017,,,,,,,,,
3539018,153,,,,,,,,
3539021,,,,,,,,,
3539027,13191,-0.695260216,-0.683730238,-0.199776663,-0.742963882,1,1,1,4
3539033,17262,-0.780480359,-0.998610501,-0.254055141,-0.584820153,1,1,1,5
3539036,383822,0.448432709,0.107883369,-0.074184895,0.045055527,5,3,2,5
3539041,6352,-0.540328573,-0.251248674,-0.108312004,-0.877403748,2,2,2,3
3539047,2990,-0.878406902,-0.704533732,-0.300225476,-0.658585613,1,1,1,4
3539060,4700,-0.450416153,-0.721535939,-0.368021195,-0.73194381,2,1,1,4
3540005,10096,-0.157865753,0.035833223,0.827083168,-0.852154541,4,3,4,3
3540010,7136,-0.1237633,-0.591620717,0.541083928,-1.036828131,4,1,3,2
3540025,7576,-0.247339112,-0.246967446,0.531834129,-0.840871737,3,2,3,3
3540028,7628,0.33580402,-0.168044387,0.960041701,-0.864754585,5,3,4,3
3540040,9138,-0.340517923,-0.098307214,0.075824541,-0.870968718,3,3,2,3
3540046,3873,-1.109307207,0.494921221,-0.251103959,-0.565153767,1,5,1,5
3540050,3496,-0.912827515,0.13930659,-0.100988833,-0.81295234,1,3,2,3
3540055,4932,-0.15720823,0.315434528,0.250709722,-0.802320567,4,4,3,3
3540063,5422,-0.69847886,-0.095586854,0.569545885,-0.917386175,1,3,4,2
3541004,5639,-0.525685389,-0.278359215,-0.125452079,-0.955952873,2,2,2,2
3541015,7069,-0.460495629,-0.220756882,0.501326137,-0.859175879,2,2,3,3
3541024,11389,-0.165109898,-0.593735629,0.445077308,-0.794171017,4,1,3,4
3541032,9461,-0.220072418,-0.174547189,0.288059246,-0.943656809,3,2,3,2
3541043,6803,-0.348054751,0.002660234,0.211393499,-0.758263505,3,3,2,4
3541045,13715,-0.024079322,-0.703545245,0.776615488,-0.757566439,4,1,4,4
3541055,8416,-0.11373894,0.044242537,1.362325144,-1.056634317,4,3,5,2
3541056,0,,,,,,,,
3541057,1041,,,,,,,,
3541060,615,,,,,,,,
3541069,3999,-0.089514681,-0.361578501,2.276600121,-1.271653613,4,2,5,1
3542004,12518,-0.408278495,-0.038808184,0.53023828,-0.938804299,2,3,3,2
3542005,7354,-0.656810132,0.47899534,-0.34511645,-0.787111618,1,4,1,4
3542015,9804,-0.491500081,0.033780057,0.482119804,-0.864477045,2,3,3,3
3542029,7688,0.19626647,0.330096187,0.916516919,-0.796588598,5,4,4,4
3542037,6630,-0.590948352,-0.004222626,0.29333072,-0.79997028,1,3,3,4
3542045,7025,0.121509892,-0.954385482,1.324839491,-1.076479241,5,1,5,1
3542047,10991,-0.120492685,-0.288518713,0.998752861,-0.979615982,4,2,4,2
3542053,10479,-0.571385763,-0.576568985,0.585433669,-0.918150664,2,1,4,2
3542059,21341,0.615864019,0.507650191,0.675649171,-0.758640201,5,5,4,4
3543003,10975,-0.67442479,-0.490744246,-0.303890608,-0.635496585,1,2,1,4
3543005,14151,-0.481552659,-0.232228883,-0.022164393,-0.822736411,2,2,2,3
3543007,34242,-0.325813126,-0.322999528,-0.013261698,-0.442749381,3,2,2,5
3543009,19059,-0.701371995,-0.730826412,-0.385018799,-0.532846685,1,1,1,5
3543014,35325,-0.554359095,-0.353618599,-0.666394224,0.160127097,2,2,1,5
3543015,13477,-0.350102185,-0.192760276,0.315430051,-0.846047487,3,2,3,3
3543017,36566,-0.513584938,-0.223713176,-0.233546837,-0.428484102,2,2,1,5
3543019,9488,-0.316144154,-0.106627262,0.826952338,-0.931936739,3,3,4,2
3543021,21083,-0.38665616,-0.359871195,-0.791248277,-0.450970691,3,2,1,5
3543023,21036,-0.582699686,-0.698300495,0.067868561,-0.773706493,1,1,2,4
3543031,21793,0.320179821,-0.127232608,0.664356819,-0.683521202,5,3,4,4
3543042,141434,-0.027197701,-0.023819161,-0.534536166,-0.141544598,4,3,1,5
3543050,878,,,,,,,,
3543052,31166,0.529282058,0.601082403,0.530718208,-0.575167211,5,5,3,5
3543064,20675,-0.144536774,0.042363502,1.696064323,-0.73986789,4,3,5,4
3543068,11787,-0.337988556,-0.217600429,0.9203858,-0.905892676,3,2,4,2
3543069,614,,,,,,,,
3543070,42,,,,,,,,
3543071,10033,-0.292478759,0.08699924,0.442448092,-0.900673225,3,3,3,3
3543072,8962,0.124974767,0.370473972,0.725270649,-0.721747133,5,4,4,4
3543074,16864,0.337610433,0.629056218,0.794078783,-0.656498633,5,5,4,4
3544002,12311,0.109053447,0.336063514,0.864851869,-0.777116,5,4,4,4
3544018,16010,-0.039814273,-0.179065529,0.543826518,-0.872975984,4,2,3,3
3544027,3167,-0.206885366,-0.638676677,1.301509536,-1.265096046,4,1,5,1
3544042,19816,-0.139217914,-0.154251624,0.35233996,-0.827602714,4,3,3,3
3544053,6588,-0.178695403,-0.464570141,0.943223478,-1.145989124,4,2,4,1
3544065,2499,-0.176178708,0.330836864,1.315740207,-1.192448068,4,4,5,1
3544071,,,,,,,,,
3544073,208,,,,,,,,
3546005,3343,-0.125662896,0.76978241,1.858358762,-1.132598185,4,5,5,1
3546015,6088,-0.102704307,0.208289117,1.572928141,-1.104620943,4,4,5,1
3546018,2351,-0.219626797,0.145363447,2.029698206,-1.084415743,3,3,5,1
3546024,6280,-0.059857507,0.070072111,1.474308456,-1.136565913,4,3,5,1
3547002,8795,0.438695719,0.138867118,0.635302786,-0.696151486,5,3,4,4
3547003,7178,-0.517697136,-0.55126578,0.126610155,-0.908523566,2,1,2,2
3547008,2518,-0.230442833,-0.294421794,1.554766002,-1.24163007,3,2,5,1
3547020,1503,-0.616120046,0.936895466,1.270988429,-1.068330562,1,5,5,2
3547030,4123,-0.17844519,0.734141796,1.490624866,-1.11993376,4,5,5,1
3547033,2420,-0.239040143,0.3816114,0.954274535,-0.925156386,3,4,4,2
3547035,3674,-0.288160231,0.306341279,1.172852647,-1.05650716,3,4,5,2
3547037,440,,,,,,,,
3547043,2935,-0.699390262,-0.280608154,-0.206191145,-0.847736063,1,2,1,3
3547046,2887,-0.526142551,-0.4167757,0.262598231,-1.028850264,2,2,3,2
3547048,8223,0.608425753,0.794113717,1.084650914,-0.869023504,5,5,5,3
3547056,7009,-0.422610282,-0.021341916,0.327247477,-0.969291902,2,3,3,2
3547064,13882,0.531784782,0.672759317,0.800626166,-0.809554567,5,5,4,3
3547070,2915,-0.485678603,-0.048290976,0.519097838,-1.031101571,2,3,3,2
3547075,9387,-0.584781935,-0.237202645,0.127886625,-0.915570543,1,2,2,2
3547076,17187,-0.058926778,-0.689115134,-0.96593167,-0.539695301,4,1,1,5
3547090,2961,-0.312724143,-0.285981296,0.064502132,-0.971878311,3,2,2,2
3547096,4109,-0.176398566,-0.639003582,0.791102511,-0.671452582,4,1,4,4
3547098,248,,,,,,,,
3548001,1096,-0.107401179,1.56717087,1.350157598,-1.604090486,4,5,5,1
3548013,1016,-0.346973822,0.575666363,0.480789654,-0.984201634,3,5,3,2
3548019,161,,,,,,,,
3548021,1993,0.370117638,1.71455655,1.074829326,-0.778624971,5,5,5,4
3548022,516,-0.631110116,1.462088157,1.041858573,-1.028775581,1,5,5,2
3548027,1975,-0.465668525,0.131806131,0.310845106,-1.015887316,2,3,3,2
3548031,1291,-0.561579048,0.186035003,0.213915044,-0.813529078,2,4,2,3
3548034,4750,-0.648520472,-0.580432887,0.053050609,-0.881966437,1,1,2,3
3548044,51553,0.413190394,0.367860648,0.271656544,-0.604524941,5,4,3,5
3548055,14364,-0.045472899,0.687993182,0.954648198,-0.825595207,4,5,4,3
3548069,802,0.094019679,1.070356054,1.499675565,-1.128425704,5,5,5,1
3548072,153,,,,,,,,
3548073,1593,,,,,,,,
3548091,103,,,,,,,,
3548094,1784,-0.38500364,0.489314771,0.534851624,-1.189160957,3,5,3,1
3549003,4304,-0.402391048,-0.347217427,0.84573066,-1.01749349,2,2,4,2
3549005,531,-0.069962878,-0.960626153,1.783999552,-1.24311521,4,1,5,1
3549012,824,-0.07359256,0.418444948,1.240691221,-1.130884062,4,4,5,1
3549014,2454,-0.184404712,0.226331823,0.53996164,-1.058495591,4,4,3,2
3549018,882,-0.172256542,0.396702186,1.252737435,-1.198063112,4,4,5,1
3549019,1414,-0.36107417,0.247192212,1.269455383,-0.913040904,3,4,5,2
3549022,981,0.608624326,2.332112831,0.717691863,-0.900584874,5,5,4,3
3549024,648,-0.365271858,0.19768038,1.385414314,-1.110402834,3,4,5,1
3549028,1111,-0.403534603,-0.410710879,1.963417401,-1.204937313,2,2,5,1
3549031,2702,-0.604863912,-0.362071443,0.520976956,-0.879045687,1,2,3,3
3549032,6408,0.800319191,0.620662782,0.734396857,-0.842524715,5,5,4,3
3549036,1125,-0.400024026,-0.195464664,1.149724456,-1.453443373,3,2,5,1
3549039,916,-0.253981641,0.170619719,2.062100792,-1.201428794,3,4,5,1
3549043,1390,-0.183779714,0.509493286,1.581904538,-1.250619241,4,5,5,1
3549046,1439,-0.34304475,0.418336263,1.028112613,-0.843362271,3,4,4,3
3549048,961,0.094835101,0.676551884,1.742426633,-1.154386776,5,5,5,1
3549051,304,-0.228614564,0.67512147,1.046613318,-0.545435774,3,5,5,5
3549054,882,-0.575502821,0.509529723,1.930855608,-1.107453598,2,5,5,1
3549056,1114,0.012377829,2.239998006,0.723029705,-1.04812995,5,5,4,2
3549060,3455,-0.340531583,-0.059064564,0.82467085,-0.80094529,3,3,4,4
3549066,3863,-0.445760418,-0.690020522,0.248786338,-0.894357855,2,1,3,3
3549071,1707,-0.427539579,-0.060092652,0.880216864,-0.881527621,2,3,4,3
3549072,195,,,,,,,,
3549073,317,,,,,,,,
3549075,5,,,,,,,,
3549076,117,,,,,,,,
3549077,344,,,,,,,,
3549078,101,,,,,,,,
3549095,187,,,,,,,,
3549096,2143,-0.148394864,0.776340015,2.540292198,-1.272661461,4,5,5,1
3551001,436,-0.159149837,0.877559175,1.995801814,-0.953582141,4,5,5,2
3551006,2084,-0.120633565,0.019127935,1.492026139,-1.257553887,4,3,5,1
3551011,1013,-0.389171284,-0.100907721,0.904507605,-0.86557263,3,3,4,3
3551017,2712,-0.208639711,0.245991441,1.404028372,-1.03759793,4,4,5,2
3551021,603,-0.080593688,-0.104331414,1.589531132,-1.131024382,4,3,5,1
3551026,867,0.401434438,0.209232024,1.260548778,-0.964526856,5,4,5,2
3551027,490,-0.239992508,0.070260831,1.78877849,-1.218427027,3,3,5,1
3551028,343,-0.286050626,1.146777506,1.189516005,-1.182706268,3,5,5,1
3551034,0,,,,,,,,
3551040,456,,,,,,,,
3551041,372,,,,,,,,
3551042,134,,,,,,,,
3551043,2500,,,,,,,,
3551044,137,,,,,,,,
3551045,884,,,,,,,,
3551094,169,,,,,,,,
3551100,55,,,,,,,,
3552001,2662,-0.107796141,0.53579242,1.249732135,-1.20905452,4,5,5,1
3552004,1269,-0.135665586,0.377797065,1.015462269,-1.200576343,4,4,4,1
3552013,2656,-0.439342942,0.406105453,0.195362378,-1.078320052,2,4,2,1
3552023,3214,-0.420886186,0.637181402,0.287488517,-0.925127776,2,5,3,2
3552026,4996,-0.019037511,0.195189226,0.623738518,-0.884810115,5,4,4,3
3552028,620,-0.338488977,0.051097737,0.654540975,-1.225359383,3,3,4,1
3552031,342,-0.727824569,-0.042855195,0.374856957,-0.95647045,1,3,3,2
3552036,386,-0.221222717,0.863193745,1.668687671,-1.244228199,3,5,5,1
3552051,386,,,,,,,,
3552052,190,,,,,,,,
3552053,21,,,,,,,,
3552054,85,,,,,,,,
3552058,0,,,,,,,,
3552092,1964,-0.03695603,0.569036907,0.274498483,-0.839405275,4,5,3,3
3552093,2755,-0.31076867,0.248214927,1.129297619,-1.261194314,3,4,5,1
3553005,161531,0.175880826,0.068647821,0.092097194,-0.626745862,5,3,2,4
3553040,116,,,,,,,,
3554001,595,-0.371664053,0.349799216,0.724860241,-1.026670404,3,4,4,2
3554006,313,-0.045955663,0.449775823,1.438979981,-1.219137255,4,4,5,1
3554008,1128,0.266046856,2.019335786,1.022474649,-0.866636719,5,5,4,3
3554014,545,-0.871273311,-0.282766681,0.72179091,-0.870874344,1,2,4,3
3554020,9920,0.065933596,0.08033606,0.635598319,-0.888489034,5,3,4,3
3554021,503,-0.724027983,-0.702324195,0.095548842,-1.031336176,1,1,2,2
3554024,358,-0.839766245,-0.272982427,-0.40581094,-0.730951966,1,2,1,4
3554026,551,-0.666240992,0.227736909,0.092042194,-0.698947421,1,4,2,4
3554029,368,-1.005666219,0.279297968,-0.59257559,-0.847911391,1,4,1,3
3554032,97,,,,,,,,
3554034,223,,,,,,,,
3554036,1166,-0.239091039,0.330725142,0.087033758,-0.900425417,3,4,2,3
3554038,112,,,,,,,,
3554042,420,-0.023902323,0.511858143,0.967029448,-1.262964047,4,5,4,1
3554044,686,-0.750997473,0.721569636,0.370360454,-0.466011879,1,5,3,5
3554049,449,-0.450948226,0.623296865,0.175859027,-1.196520795,2,5,2,1
3554052,1479,0.308720042,0.49176584,0.919113296,-1.068985781,5,5,4,2
3554054,332,-0.069414338,0.534915874,0.498473322,-1.399879431,4,5,3,1
3554056,225,,,,,,,,
3554057,61,,,,,,,,
3554058,609,-0.107634293,1.077294754,1.481463947,-1.49760404,4,5,5,1
3554062,730,0.316897135,0.112135797,0.6317802,-0.965518576,5,3,4,2
3554066,138,,,,,,,,
3554068,7981,0.584825489,0.878772796,0.390314575,-1.037230454,5,5,3,2
3554091,5,,,,,,,,
3554094,3257,-0.502202499,0.732043127,0.562229544,-1.11557131,2,5,4,1
3556014,2438,-0.299850252,0.570214853,0.668789377,-0.816542557,3,5,4,3
3556027,41788,0.00292697,0.240502495,-0.189464507,-0.760829905,5,4,1,4
3556031,4537,-0.00765914,0.274211722,0.964465672,-0.982496805,5,4,4,2
3556033,144,,,,,,,,
3556042,5321,-0.10880241,0.684468622,0.084066723,-0.906110749,4,5,2,2
3556048,1330,-0.147636262,0.998745679,1.575847064,-1.178228308,4,5,5,1
3556052,536,-0.106491498,1.265469239,1.368466627,-1.274043471,4,5,5,1
3556056,1231,-0.269970075,0.084665002,0.624993923,-1.12968643,3,3,4,1
3556066,8292,0.207978847,0.378893607,0.634219165,-0.897384204,5,4,4,3
3556070,762,-0.419167817,0.238600013,0.283125966,-1.181231832,2,4,3,1
3556073,226,,,,,,,,
3556076,5070,0.318003047,-0.042546355,0.53855991,-0.903329473,5,3,3,2
3556077,648,-0.461334101,1.166491495,0.875596451,-1.20765252,2,5,4,1
3556091,0,,,,,,,,
3556092,2865,-0.480671883,0.418019822,-0.140272999,-1.09623795,2,4,2,1
3556093,759,,,,,,,,
3556094,1560,,,,,,,,
3556095,590,,,,,,,,
3556096,0,,,,,,,,
3556098,10,,,,,,,,
3556100,0,,,,,,,,
3556102,94,,,,,,,,
3556106,1481,-0.019655476,1.500447283,-1.341363947,0.015762744,4,5,1,5
3557001,313,-0.094949511,-0.200787722,1.795279901,-1.789886319,4,2,5,1
3557004,307,-0.389591724,-0.727747796,2.410179051,-1.207857896,3,1,5,1
3557006,171,,,,,,,,
3557008,1240,-0.525601309,-0.429715367,1.528667688,-1.167291596,2,2,5,1
3557011,1047,-0.570173945,-0.265338301,0.338527089,-1.201203239,2,2,3,1
3557014,534,-0.53990133,-0.965691373,0.19151664,-0.680042266,2,1,2,4
3557016,751,-0.834529558,0.50691497,0.519453887,-0.806960098,1,5,3,3
3557019,660,-0.540778079,0.063290747,0.814592017,-0.805217372,2,3,4,3
3557021,582,-0.144912418,0.190331383,1.94194548,-1.382721082,4,4,5,1
3557026,124,,,,,,,,
3557028,1286,0.087834296,0.711969099,1.333313035,-1.182585599,5,5,5,1
3557035,1664,-0.401351539,0.659728454,1.281030369,-1.00469185,2,5,5,2
3557038,3472,0.081505846,0.838800035,0.826356652,-0.954428698,5,5,4,2
3557039,712,-0.068423438,2.400861727,1.358117248,-1.342466948,4,5,5,1
3557040,497,-0.286962003,0.154834312,2.051261831,-1.43186579,3,4,5,1
3557041,10741,0.479209654,1.141393868,2.473394038,-0.965148406,5,5,5,2
3557051,1609,-0.509331873,-0.243954917,0.21718285,-0.872889785,2,2,2,3
3557061,73368,0.229642377,0.31765924,0.607747205,-0.663426805,5,4,4,4
3557066,1010,-0.76772812,-0.701546113,0.628824217,-0.834705673,1,1,4,3
3557071,1140,,,,,,,,
3557072,371,,,,,,,,
3557073,411,,,,,,,,
3557074,1125,,,,,,,,
3557075,,,,,,,,,
3557076,2905,-0.020539628,0.147390301,0.283183329,-0.954041855,4,3,3,2
3557077,,,,,,,,,
3557078,77,,,,,,,,
3557079,613,-0.73572702,0.519005633,-0.10125241,-1.110557005,1,5,2,1
3557091,645,0.260768224,0.253783153,-0.078684691,-1.290339012,5,4,2,1
3557094,0,,,,,,,,
3557095,5739,-0.3403795,0.299395877,0.740415951,-1.159491197,3,4,4,1
3557096,980,-0.280767137,1.03542396,-0.558338254,-0.993314833,3,5,1,2
3558001,2055,-0.655317753,-0.090856757,0.220974087,-0.920081765,1,3,2,2
3558003,981,,,,,,,,
3558004,107909,0.288241199,0.269922728,0.293797485,-0.647438918,5,4,3,4
3558011,5922,-0.680495397,-0.707587136,-0.016870837,-0.781415762,1,1,2,4
3558012,474,-0.880546607,0.255043544,-0.052738991,-1.157173046,1,4,2,1
3558016,663,-0.872141839,-0.384120299,0.203438483,-1.004084049,1,2,2,2
3558019,819,-0.607597347,0.263795757,-0.555278486,-1.066758042,1,4,1,2
3558028,2798,-0.436926873,-0.745933974,0.780026127,-1.150825038,2,1,4,1
3558034,316,-0.921076702,0.388597626,0.833200716,-1.010967863,1,4,4,2
3558041,895,-0.379489024,0.502231878,0.75948552,-0.971215355,3,5,4,2
3558044,1642,-0.196593949,1.074064064,0.771111918,-1.105021234,4,5,4,1
3558051,1059,0.056716721,0.130444923,0.393271591,-1.162520291,5,3,3,1
3558054,1611,-0.010108237,-0.435371079,0.406081474,-0.928588368,5,2,3,2
3558059,3273,-0.136011009,-0.138034913,-0.155572494,-0.781658718,4,3,2,4
3558060,197,,,,,,,,
3558061,125,,,,,,,,
3558062,443,,,,,,,,
3558063,89,,,,,,,,
3558064,293,,,,,,,,
3558065,247,,,,,,,,
3558066,1937,-0.214439933,0.690483366,0.789693062,-1.007605444,4,5,4,2
3558067,210,,,,,,,,
3558068,385,,,,,,,,
3558069,184,,,,,,,,
3558075,4636,-0.127626203,0.988603879,0.258714125,-0.899485952,4,5,3,3
3558076,366,,,,,,,,
3558077,0,,,,,,,,
3558080,90,,,,,,,,
3558085,232,,,,,,,,
3558090,5872,-0.381404332,0.203641176,0.557381421,-1.169721073,3,4,4,1
3558095,0,,,,,,,,
3558097,325,,,,,,,,
3558100,0,,,,,,,,
3559001,2753,0.027122379,0.750468114,0.737904308,-1.129883837,5,5,4,1
3559011,969,-0.810179239,-0.686116991,-0.379508942,-0.676261576,1,1,1,4
3559012,7739,0.218944471,0.311953082,0.237644467,-0.886183221,5,4,3,3
3559016,938,-0.690208368,0.097261589,-0.26030162,-0.93171693,1,3,1,2
3559019,1333,-0.431561525,-0.236381327,0.264499379,-0.778817623,2,2,3,4
3559024,638,-1.119864,0.402367413,0.125931679,-0.899406088,1,4,2,3
3559026,283,,,,,,,,
3559030,5,,,,,,,,
3559031,481,-0.82634999,0.573528026,-0.116511761,-0.945924255,1,5,2,2
3559040,468,-0.615476168,-0.502166609,0.967347141,-1.10130109,1,1,4,1
3559042,807,-0.064462174,0.040326163,1.879618306,-1.048790388,4,3,5,2
3559047,230,,,,,,,,
3559048,0,,,,,,,,
3559051,235,,,,,,,,
3559052,10,,,,,,,,
3559053,98,,,,,,,,
3559060,177,,,,,,,,
3559061,115,,,,,,,,
3559062,0,,,,,,,,
3559063,810,,,,,,,,
3559064,157,,,,,,,,
3559065,0,,,,,,,,
3559066,263,,,,,,,,
3559068,211,,,,,,,,
3559069,5,,,,,,,,
3559090,1385,-0.40119341,-0.435289334,0.999370307,-1.245822017,2,2,4,1
3560001,1202,-0.108127372,0.736405525,0.924888374,-1.123726136,4,5,4,1
3560004,575,,,,,,,,
3560005,96,,,,,,,,
3560007,0,,,,,,,,
3560008,567,-0.125653593,0.099812303,1.353854095,-1.216416518,4,3,5,1
3560010,15096,0.022850703,0.066499966,0.075466338,-0.897394862,5,3,2,3
3560021,971,-0.153895645,1.060029976,0.457634692,-1.213254721,4,5,3,1
3560024,224,,,,,,,,
3560027,7749,0.167399844,0.20428963,0.300062126,-0.828290924,5,4,3,3
3560032,995,-0.256998268,0.174859708,-0.581345641,-0.894995224,3,4,1,3
3560034,5272,0.018946119,0.261845464,-0.86283532,-0.609836665,5,4,1,5
3560042,4107,-0.086447004,-0.51499239,-0.588204419,-0.778748565,4,1,1,4
3560046,187,,,,,,,,
3560049,388,-0.086757443,0.931072381,-1.27233052,-0.618323417,4,5,1,4
3560050,1404,,,,,,,,
3560051,1501,,,,,,,,
3560052,252,,,,,,,,
3560053,1014,,,,,,,,
3560054,565,,,,,,,,
3560055,435,,,,,,,,
3560056,974,,,,,,,,
3560057,168,,,,,,,,
3560058,638,,,,,,,,
3560059,886,,,,,,,,
3560060,95,,,,,,,,
3560061,827,,,,,,,,
3560063,371,,,,,,,,
3560064,151,,,,,,,,
3560065,62,,,,,,,,
3560066,421,,,,,,,,
3560067,473,,,,,,,,
3560068,391,,,,,,,,
3560069,140,,,,,,,,
3560070,867,,,,,,,,
3560071,2017,,,,,,,,
3560075,1024,,,,,,,,
3560076,514,,,,,,,,
3560077,,,,,,,,,
3560078,361,,,,,,,,
3560079,778,,,,,,,,
3560080,293,,,,,,,,
3560081,0,,,,,,,,
3560082,71,,,,,,,,
3560083,124,,,,,,,,
3560084,70,,,,,,,,
3560085,593,,,,,,,,
3560086,382,,,,,,,,
3560088,440,,,,,,,,
3560089,194,,,,,,,,
3560090,6737,-0.530433354,0.183933747,0.688176083,-1.192331445,2,4,4,1
3560091,195,,,,,,,,
3560093,237,,,,,,,,
3560095,355,,,,,,,,
3560096,849,,,,,,,,
3560097,281,,,,,,,,
3560098,511,,,,,,,,
3560100,22,,,,,,,,
3560102,0,,,,,,,,
3560104,421,,,,,,,,
