"CSDUID","Deprivation","EthnicCon","Name","under20","20s","30s","40s","50s","60s","70s","over80","DeprivationModifier","EthnicModifier"
3501005,2,2,"South Glengarry (TP)",0.000897170577474348,0.000673199829569663,0.00067641687277775,0.000874045833298649,0.00119967616103628,0.0014444092492873,0.001365377083424,0.000955449018762313,0.00546212244529098,0.169346756980225
3501011,2,3,"South Stormont (TP)",0.000945531073286162,0.000701604885669649,0.000832286847809145,0.000923991309487143,0.00115060965138245,0.00126069052898321,0.00117498585665173,0.000913172513507343,0.00546212244529098,0.242733923355498
3501012,5,5,"Cornwall (CY)",0.00321513916983372,0.00318420678880841,0.00286153746614239,0.00275255068772146,0.00355241529893771,0.00428571428571429,0.00474890117063406,0.00532683966212617,0.928687915673553,0.0581201710039534
3501020,4,2,"South Dundas (MU)",0.000718737023961792,0.000570941627609715,0.000579365756248768,0.000707560912670335,0.000927357032457496,0.00111815014254039,0.00130553984072414,0.000938538416660325,0.0509556829395033,0.169346756980225
3501030,2,3,"North Dundas (TP)",0.000833801651927833,0.000695923874449652,0.000749940445905766,0.000768605383567383,0.000991143495007483,0.000937598986379474,0.000930197136515949,0.000921627814558337,0.00546212244529098,0.242733923355498
3501042,2,2,"North Stormont (TP)",0.000553644296880081,0.000482885953699759,0.000461728039243942,0.000513328505270635,0.000601064743259488,0.000519480519480519,0.000429740197571696,0.000372033246243733,0.00546212244529098,0.169346756980225
3501050,4,2,"North Glengarry (TP)",0.000648697685199854,0.000522653032239739,0.000520546897746355,0.000679813425898949,0.000907730428595962,0.0010072853975293,0.00111514861395187,0.00113301034083319,0.0509556829395033,0.169346756980225
3502001,3,1,"East Hawkesbury (TP)",0.000210118016285814,0.000184632864649908,0.00017939751843236,0.000216430396816808,0.000333652265646083,0.000338929363319607,0.000310065712171983,0.000245203730478824,0.0134241486659534,0.132321125759746
3502008,5,4,"Hawkesbury (T)",0.000586996362957194,0.000545377077119727,0.000517605954821235,0.000629867949710455,0.000858663918942126,0.00114349065568578,0.00128378084337874,0.00136130346921002,0.928687915673553,0.397478022900578
3502010,2,2,"Champlain (TP)",0.000541971073753091,0.000414713819059793,0.000458787096318822,0.000607669960293346,0.000812050734770982,0.000924928729806779,0.000995474128552156,0.000727155890385477,0.00546212244529098,0.169346756980225
3502023,2,3,"Alfred and Plantagenet (TP)",0.000643694875288287,0.000661837807129669,0.000614657071350216,0.000640966944419009,0.000870930546355585,0.00087741526765917,0.000902998389834196,0.000676424084079514,0.00546212244529098,0.242733923355498
3502025,1,3,"The Nation (M)",0.00104391966821365,0.000928845334469536,0.00105285756719319,0.000960063042289945,0.00105002330659209,0.000861577446943301,0.000728926411070978,0.000574960471467587,0.00147013027569939,0.242733923355498
3502036,2,4,"Clarence-Rockland (C)",0.00193441983247257,0.00151682999573924,0.00177927046969799,0.00188960384913136,0.00204852677804764,0.0019543870763383,0.00175703903564124,0.00123447395344511,0.00546212244529098,0.397478022900578
3502044,2,4,"Casselman (VL)",0.000268484131920762,0.000221559437579889,0.000229393548159411,0.000266375873005303,0.000282132430509556,0.000310421286031042,0.000304625962835633,0.000219837827325842,0.00546212244529098,0.397478022900578
3502048,1,5,"Russell (TP)",0.00146915851069684,0.000945888368129527,0.00120578659929947,0.00134297835973507,0.00140084885061701,0.00114665821982895,0.000902998389834196,0.000811708900895416,0.00147013027569939,0.0581201710039534
3506008,2,5,"Ottawa (CV)",0.0709965430583511,0.0751853429910524,0.0713149249912507,0.071408157206161,0.0686833002134393,0.0653278428888185,0.06361786848862,0.0634654896887604,0.00546212244529098,0.0581201710039534
3507004,3,2,"Edwardsburgh/Cardinal (TP)",0.0005002809911567,0.000417554324669791,0.000397027294891288,0.000546625489396298,0.000591251441328721,0.000703199239784606,0.000696287915052874,0.000372033246243733,0.0134241486659534,0.169346756980225
3507006,2,3,"Augusta (TP)",0.000503616197764411,0.000414713819059793,0.000385263523190805,0.000552174986750575,0.000620691347121023,0.000769718086791258,0.000794203403107185,0.00043122035360069,0.00546212244529098,0.242733923355498
3507008,5,3,"Prescott (T)",0.000268484131920762,0.000218718931969891,0.00022645260523429,0.000283024365068134,0.000331198940163391,0.000427621159328476,0.000462378693589799,0.000617236976722556,0.928687915673553,0.242733923355498
3507014,2,3,"Elizabethtown-Kitley (TP)",0.00063869206537672,0.00049992898735975,0.000511724068970993,0.000710335661347473,0.000888103824734428,0.00101362052581565,0.000946516384525001,0.00106536793242523,0.00546212244529098,0.242733923355498
3507015,5,4,"Brockville (CY)",0.00131073619683055,0.00131515409742934,0.00121755037099995,0.00133465411370365,0.00169279458305733,0.00205574912891986,0.00257300143609382,0.00265496453001209,0.928687915673553,0.397478022900578
3507017,3,2,"Front of Yonge (TP)",0.000171763140297134,0.000122141741229939,0.000152929032106274,0.000191457658722561,0.000240425897303795,0.000297751029458347,0.000271987466817529,0.000101463612611927,0.0134241486659534,0.169346756980225
3507021,2,2,"Leeds and the Thousand Islands (TP)",0.000602004792691895,0.000437437863939781,0.000517605954821235,0.000671489179867533,0.000843943966045975,0.00108647450110865,0.00102267287523391,0.000718700589334483,0.00546212244529098,0.169346756980225
3507024,4,4,"Gananoque (T)",0.000316844627732576,0.000284050560999858,0.000285271463736703,0.000338519338610905,0.000414612006574912,0.000525815647766867,0.000598372426998564,0.000693334686181501,0.0509556829395033,0.397478022900578
3507033,2,2,"Westport (VL)",3.16844627732576e-05,2.55645504899872e-05,2.35275434009652e-05,3.32969841256628e-05,4.90665096538358e-05,7.28539752929997e-05,9.24757387179599e-05,8.45530105099392e-05,0.00546212244529098,0.169346756980225
3507040,2,2,"Rideau Lakes (TP)",0.00058866396626105,0.00049992898735975,0.000473491810944425,0.000599345714261931,0.000885650499251736,0.00138739309471017,0.00133273858740589,0.000963904319813307,0.00546212244529098,0.169346756980225
3507042,3,2,"Athens (TP)",0.000221791239412804,0.000142025280499929,0.000158810917956515,0.000244177883588194,0.000252692524717254,0.000256572695597086,0.000320945210844684,0.000295935536784787,0.0134241486659534,0.169346756980225
3507052,2,2,"Merrickville-Wolford (VL)",0.000196777189854969,0.00013918477488993,0.000155869975031395,0.000205331402108254,0.000252692524717254,0.000367437440608172,0.000337264458853736,0.000312846138886775,0.00546212244529098,0.169346756980225
3507065,1,4,"North Grenville (MU)",0.00122902363494163,0.000874875727879563,0.00102344813794199,0.00132078037031796,0.00144991536027085,0.00147925245486221,0.00131641933939684,0.00104000202927225,0.00147013027569939,0.397478022900578
3509001,2,3,"Montague (TP)",0.000283492561655463,0.000224399943189888,0.000267625806185979,0.00027192537035958,0.000296852383405706,0.000354767184035477,0.000299186213499282,0.000211382526274848,0.00546212244529098,0.242733923355498
3509004,5,4,"Smiths Falls (T)",0.000605339999299607,0.000551058088339724,0.000538192555297079,0.000502229510562081,0.000674664507740242,0.000902755780804561,0.000859480395143392,0.000997725524017283,0.928687915673553,0.397478022900578
3509010,2,3,"Drummond/North Elmsley (TP)",0.000530297850626102,0.000403351796619798,0.000382322580265685,0.000541075992042021,0.000696744437084468,0.000890085524231866,0.000810522651116237,0.000465041557804666,0.00546212244529098,0.242733923355498
3509015,1,2,"Tay Valley (TP)",0.000308506611213298,0.000267007527339866,0.000238216376934773,0.00031077185183952,0.000547091582640269,0.000744377573645866,0.000685408416380173,0.000634147578824544,0.00147013027569939,0.169346756980225
3509021,4,2,"Perth (T)",0.000298500991390164,0.000343701178809828,0.000291153349586945,0.00031077185183952,0.000441598586884522,0.000611339879632563,0.0009356368858523,0.0011076444376802,0.0509556829395033,0.169346756980225
3509024,1,4,"Beckwith (TP)",0.000591999172868761,0.000423235335889788,0.000488196525570028,0.000640966944419009,0.000723731017394078,0.000658853341780171,0.000489577440271552,0.000304390837835781,0.00147013027569939,0.397478022900578
3509028,3,4,"Carleton Place (T)",0.00082713123871241,0.000661837807129669,0.000814641190258421,0.000724209404733166,0.000765437550599838,0.000890085524231866,0.000805082901779886,0.00102309142717026,0.0134241486659534,0.397478022900578
3509030,1,3,"Mississippi Mills (T)",0.000928855040247606,0.000681721346399659,0.000761704217606249,0.000918441812132866,0.00111626309462476,0.00134938232499208,0.00124570259802428,0.00115837624398617,0.00147013027569939,0.242733923355498
3509039,3,1,"Lanark Highlands (TP)",0.000313509421124865,0.000284050560999858,0.000299976178362307,0.000344068835965182,0.000510291700399892,0.000665188470066519,0.000538535184298708,0.000312846138886775,0.0134241486659534,0.132321125759746
3510005,1,1,"Frontenac Islands (TP)",9.50533883197729e-05,5.96506178099702e-05,6.47007443526543e-05,9.98909523769885e-05,0.000169279458305733,0.000250237567310738,0.000255668218808477,0.000152195418917891,0.00147013027569939,0.132321125759746
3510010,3,5,"Kingston (CY)",0.00832467569284748,0.0105979264309047,0.00922279701317837,0.00801347417957619,0.00890557150217119,0.00960722204624644,0.0105803124592019,0.0118881532776975,0.0134241486659534,0.0581201710039534
3510020,1,3,"South Frontenac (TP)",0.00137076991576936,0.000943047862519528,0.00112638114032121,0.00142067132269495,0.00170996786143618,0.0018688628444726,0.00160472605422342,0.000837074804048398,0.00147013027569939,0.242733923355498
3510035,5,2,"Central Frontenac (TP)",0.000261813718705339,0.000204516403919898,0.000188220347207722,0.000255276878296748,0.000409705355609529,0.000547988596769085,0.000554854432307759,0.000380488547294726,0.928687915673553,0.169346756980225
3510045,4,1,"North Frontenac (TP)",7.67097519773606e-05,5.68101121999716e-05,5.8818858502413e-05,0.000102665701054127,0.000179092760236501,0.000310421286031042,0.000331824709517385,0.000228293128376836,0.0509556829395033,0.132321125759746
3511005,2,4,"Loyalist (TP)",0.00116565470939511,0.000994176963499503,0.00124107791440092,0.00124031265868094,0.00132724908613626,0.00158061450744378,0.00157208755820532,0.00123447395344511,0.00546212244529098,0.397478022900578
3511015,3,3,"Greater Napanee (T)",0.00104892247812521,0.000852151682999574,0.000938160793113488,0.00105440449731266,0.0012536493216555,0.00162496040544821,0.00174615953696854,0.00173333671545375,0.0134241486659534,0.242733923355498
3511030,2,2,"Stone Mills (TP)",0.000566985123310926,0.000463002414429769,0.000441141438768098,0.000579922473521961,0.000711464389980619,0.000757047830218562,0.000587492928325863,0.000329756740988763,0.00546212244529098,0.169346756980225
3511035,5,2,"Addington Highlands (TP)",0.000121735041181464,9.08961795199546e-05,0.000117637717004826,0.000124863690471236,0.000203626015063418,0.00030091859360152,0.000348143957526437,0.000287480235733793,0.928687915673553,0.169346756980225
3512001,2,4,"Tyendinaga (TP)",0.000348529090505834,0.000284050560999858,0.000285271463736703,0.000321870846548074,0.000414612006574912,0.000338929363319607,0.000223029722790374,0.000160650719968884,0.00546212244529098,0.397478022900578
3512002,5,4,"Deseronto (T)",0.000136743470916165,0.000110779718789945,0.000138224317480671,0.000113764695762681,0.000139839552513432,0.000161545771301869,0.000130553984072414,0.000101463612611927,0.928687915673553,0.397478022900578
3512005,4,5,"Belleville (CY)",0.00355533024382028,0.00350518392273825,0.00345854887994189,0.00324645595225212,0.00386153430975688,0.00427304402914159,0.0046781844292615,0.00550440098419704,0.0509556829395033,0.0581201710039534
3512015,3,4,"Quinte West (CY)",0.00317178148393348,0.0027950575202386,0.00296741141144674,0.00289406287025553,0.0035843085302127,0.00372505543237251,0.00398733626354498,0.00344130752775453,0.0134241486659534,0.397478022900578
3512020,3,3,"Stirling-Rawdon (TP)",0.000355199503721257,0.000295412583439852,0.00031468089298791,0.000302447605808104,0.000409705355609529,0.000465631929046563,0.000440619696244397,0.000414309751498702,0.0134241486659534,0.242733923355498
3512026,4,3,"Centre Hastings (MU)",0.000356867107025112,0.000258486010509871,0.000282330520811583,0.000313546600516658,0.000399892053678762,0.000497307570478302,0.00046781844292615,0.000304390837835781,0.0509556829395033,0.242733923355498
3512030,4,2,"Tweed (MU)",0.000375210743367525,0.000306774605879847,0.000338208436388875,0.00036904157405943,0.000522558327813351,0.00070636680392778,0.000663649419034771,0.000574960471467587,0.0509556829395033,0.169346756980225
3512036,4,3,"Madoc (TP)",0.000143413884131587,0.000116460730009942,0.000102933002379223,0.00013596268517979,0.000193812713132651,0.000231232182451695,0.000212150224117673,0.000126829515764909,0.0509556829395033,0.242733923355498
3512046,5,2,"Marmora and Lake (MU)",0.000228461652628226,0.000167589830989916,0.00018233846135748,0.000227529391525363,0.000353278869507618,0.000471967057332911,0.000549414682971409,0.000481952159906653,0.928687915673553,0.169346756980225
3512048,5,1,"Tudor and Cashel (TP)",3.0016859469402e-05,1.98835392699901e-05,2.94094292512065e-05,3.884648147994e-05,6.37864625499865e-05,7.28539752929997e-05,7.07167413725575e-05,4.22765052549696e-05,0.928687915673553,0.132321125759746
3512051,5,1,"Limerick (TP)",2.0011239646268e-05,1.42025280499929e-05,1.47047146256033e-05,1.66484920628314e-05,3.92532077230686e-05,5.06810262907824e-05,4.35179946908046e-05,2.53659031529818e-05,0.928687915673553,0.132321125759746
3512054,5,1,"Wollaston (TP)",3.0016859469402e-05,2.55645504899872e-05,2.94094292512065e-05,3.60717328028014e-05,6.86931135153701e-05,0.000104529616724739,9.24757387179599e-05,5.07318063059635e-05,0.928687915673553,0.132321125759746
3512058,5,1,"Faraday (TP)",7.0039338761938e-05,6.53316290299673e-05,6.17598014275337e-05,8.60172089912956e-05,0.000142292877996124,0.000193221412733608,0.000195830976108621,9.30083115609331e-05,0.928687915673553,0.132321125759746
3512061,5,3,"Bancroft (T)",0.00023846727245136,0.000198835392699901,0.000176456575507239,0.000205331402108254,0.000309119010819165,0.000437123851757998,0.000473258192262501,0.00066796878302852,0.928687915673553,0.242733923355498
3512065,4,2,"Carlow/Mayo (TP)",4.83604958118143e-05,3.69265729299815e-05,5.29369726521717e-05,4.43959788342171e-05,8.83197173769044e-05,0.000107697180867913,0.000108794986727012,6.76424084079514e-05,0.0509556829395033,0.169346756980225
3512076,4,1,"Hastings Highlands (MU)",0.000228461652628226,0.000156227808549922,0.000185279404282601,0.000235853637556778,0.000365545496921076,0.000573329109914476,0.000587492928325863,0.000329756740988763,0.0509556829395033,0.132321125759746
3513020,2,2,"Prince Edward County (CY)",0.0013240770232614,0.00115892628887942,0.0011822590558985,0.00139847333327784,0.00213439316994186,0.00314222363002851,0.00341072283389181,0.00295090006679688,0.00546212244529098,0.169346756980225
3514004,3,4,"Brighton (MU)",0.000687052561188534,0.000553898593949723,0.000673475929852629,0.000710335661347473,0.000969063565663257,0.00136205258156478,0.00161560555289612,0.00131902696395505,0.0134241486659534,0.397478022900578
3514014,3,3,"Cramahe (TP)",0.00042690644578705,0.000372106234909814,0.000364676922714961,0.000413437552893647,0.000586344790363338,0.000703199239784606,0.000582053178989512,0.000355122644141745,0.0134241486659534,0.242733923355498
3514019,1,3,"Hamilton (TP)",0.000733745453696493,0.000641954267859679,0.0005411334982222,0.000771380132244522,0.00107210323593631,0.00113715552739943,0.00105531137125201,0.000617236976722556,0.00147013027569939,0.242733923355498
3514020,3,3,"Port Hope (MU)",0.0010155704120481,0.00096009089617952,0.000961688336514453,0.00103498125657269,0.00139839552513432,0.00184035476718404,0.00185495452369555,0.00178406852175972,0.0134241486659534,0.242733923355498
3514021,3,4,"Cobourg (T)",0.00113897305653342,0.000954409884959523,0.00103815285256759,0.00105995399466693,0.001464635313167,0.0021000950269243,0.00265459767613908,0.00327220150673465,0.0134241486659534,0.397478022900578
3514024,2,3,"Alnwick/Haldimand (TP)",0.000475266941598865,0.000366425223689817,0.000352913151014478,0.000502229510562081,0.000632957974534482,0.00070636680392778,0.000685408416380173,0.00043122035360069,0.00546212244529098,0.242733923355498
3514045,4,2,"Trent Hills (MU)",0.000772100329685173,0.000585144155659707,0.000641125557676302,0.000729758902087443,0.00109663649076323,0.00160278745644599,0.00159928630488707,0.00152195418917891,0.0509556829395033,0.169346756980225
3515003,3,2,"Asphodel-Norwood (TP)",0.000286827768263175,0.000232921460019884,0.000264684863260859,0.00025250212961961,0.000326292289198008,0.000405448210326259,0.000435179946908046,0.000380488547294726,0.0134241486659534,0.169346756980225
3515005,1,3,"Otonabee-South Monaghan (TP)",0.000428574049090906,0.000409032807839795,0.000388204466115926,0.000385690066122261,0.000613331370672947,0.000734874881216345,0.000669089168371122,0.000456586256753672,0.00147013027569939,0.242733923355498
3515013,1,4,"Cavan Monaghan (TP)",0.00065036528850371,0.000534015054679733,0.000529369726521717,0.000582697222199099,0.000787517479944064,0.000833069369654736,0.000728926411070978,0.00066796878302852,0.00147013027569939,0.397478022900578
3515014,4,5,"Peterborough (CY)",0.00542638115074634,0.00665530464422667,0.00555250024262779,0.00488910716911816,0.00552243566153922,0.00675007918910358,0.00758301057487271,0.0100364423475298,0.0509556829395033,0.0581201710039534
3515015,1,3,"Selwyn (TP)",0.00109061256072161,0.00088055673909956,0.000870519105835713,0.00103775600524982,0.00144500870930546,0.00205891669306303,0.00194743026241351,0.00152195418917891,0.00147013027569939,0.242733923355498
3515023,2,3,"Douro-Dummer (TP)",0.000486940164725854,0.000374946740519813,0.00040585012366665,0.000432860793633617,0.000578984813915262,0.00069052898321191,0.00065820966969842,0.000414309751498702,0.00546212244529098,0.242733923355498
3515030,4,2,"Havelock-Belmont-Methuen (TP)",0.000258478512097628,0.000181792359039909,0.00022645260523429,0.000266375873005303,0.000402345379161453,0.000579664238200824,0.000620131424343966,0.00043122035360069,0.0509556829395033,0.169346756980225
3515037,3,1,"North Kawartha (TP)",0.000128405454396886,0.000107939213179946,0.000120578659929947,0.000127638439148374,0.00023306592085572,0.000361102312321825,0.000326384960181035,0.000211382526274848,0.0134241486659534,0.132321125759746
3515044,2,1,"Trent Lakes (MU)",0.000230129255932082,0.000224399943189888,0.000217629776458928,0.00027192537035958,0.000551998233605652,0.000845739626227431,0.000739805909743679,0.000515773364110629,0.00546212244529098,0.132321125759746
3516010,3,3,"Kawartha Lakes (CY)",0.00461759354837634,0.00418406476352791,0.00418496178244669,0.004525615092413,0.00641544613723903,0.00835286664554957,0.00860024370077027,0.00808326780475019,0.0134241486659534,0.242733923355498
3518001,2,5,"Pickering (CY)",0.00707230561165188,0.00691663116034654,0.00636714143288621,0.00686195347856368,0.00768626873727337,0.00691479252454862,0.00582597153923147,0.00552131158629903,0.00546212244529098,0.0581201710039534
3518005,2,5,"Ajax (T)",0.0107360300702228,0.00897599772759551,0.00957276922126772,0.00970884562130785,0.00911901081916538,0.0070636680392778,0.00584229078724052,0.00477724509381157,0.00546212244529098,0.0581201710039534
3518009,2,5,"Whitby (T)",0.0115581584990236,0.00835392699900582,0.00929632058630638,0.0112238583990255,0.00968572900566718,0.00787139689578714,0.00718590887331912,0.00711936348493688,0.00546212244529098,0.0581201710039534
3518013,4,5,"Oshawa (CY)",0.0119383720523027,0.012001136202244,0.0120019880774174,0.0115845757270535,0.0123500404798705,0.011548938866012,0.0116410635797902,0.0121079911050233,0.0509556829395033,0.0581201710039534
3518017,2,5,"Clarington (MU)",0.00779271023891753,0.00641670217298679,0.00735529825572675,0.00707560912670335,0.00708765731949658,0.00593601520430789,0.00588036903259498,0.00488716400747449,0.00546212244529098,0.0581201710039534
3518020,1,4,"Scugog (TP)",0.00151251619659709,0.00121289589546939,0.00123519602855067,0.00143731981475778,0.00195039375873997,0.00204941400063351,0.00198006875843161,0.00206309345644252,0.00147013027569939,0.397478022900578
3518029,1,5,"Uxbridge (TP)",0.00162257801465156,0.00132367561425934,0.00107638511059416,0.00157605724861471,0.00197492701356689,0.00174216027874564,0.00167544279559598,0.00168260490914779,0.00147013027569939,0.0581201710039534
3518039,3,4,"Brock (TP)",0.000840472065143255,0.000701604885669649,0.000746999502980646,0.000738083148118859,0.000988690169524791,0.00108330693696547,0.00102811262457026,0.00104845733032325,0.0134241486659534,0.397478022900578
3519028,1,5,"Vaughan (CY)",0.0262830956720691,0.0212384604459594,0.0213247771500499,0.0270704480941639,0.0222222222222222,0.0195692112765283,0.0193763871360808,0.0186185729142886,0.00147013027569939,0.0581201710039534
3519036,2,5,"Markham (CY)",0.0255093277390801,0.0242153103252379,0.0239539801251077,0.0268567924460242,0.0242830156276833,0.0250490972442192,0.0223138517777101,0.0189483296552774,0.00546212244529098,0.0581201710039534
3519038,1,5,"Richmond Hill (T)",0.0153886432879801,0.0133248118165033,0.0124725389454367,0.0181995765733519,0.0155712568386448,0.0133734558124802,0.0126909352017059,0.0117105919556266,0.00147013027569939,0.0581201710039534
3519044,1,5,"Whitchurch-Stouffville (T)",0.00397723387969576,0.00248828291435876,0.00388498560408438,0.00376533395487704,0.00306420352788204,0.00315806145074438,0.00327472910048305,0.00323838030253067,0.00147013027569939,0.0581201710039534
3519046,1,5,"Aurora (T)",0.00467595966401129,0.00373810538275813,0.00347913548041773,0.00482251320086683,0.00477662471480091,0.00361102312321825,0.00314417511641064,0.00323838030253067,0.00147013027569939,0.0581201710039534
3519048,2,5,"Newmarket (T)",0.00699726346297837,0.00578895043317711,0.00583483076343937,0.00704508689125482,0.00689629793184662,0.00550205891669306,0.00487945515470647,0.00543675857578909,0.00546212244529098,0.0581201710039534
3519049,1,5,"King (TP)",0.00203781123731162,0.00157648061354921,0.00151458560643714,0.00200614329357118,0.00203380682515149,0.00177066835603421,0.00171896079028678,0.00154732009233189,0.00147013027569939,0.0581201710039534
3519054,1,5,"East Gwillimbury (T)",0.00187605371683762,0.00157364010793921,0.00157928635078979,0.00197284630944552,0.00207796668383994,0.00188786822933164,0.00155576831019627,0.00120065274924114,0.00147013027569939,0.0581201710039534
3519070,3,5,"Georgina (T)",0.00344860363237352,0.0032069308336884,0.00323503721763272,0.00342958936494327,0.00401854714064915,0.0033132720937599,0.00299730188432917,0.00265496453001209,0.0134241486659534,0.0581201710039534
3520005,4,5,"Toronto (C)",0.18132017483153,0.242971168868059,0.247559752607881,0.207171060481197,0.189011555163023,0.180180551156161,0.184690369467775,0.214147409718523,0.0509556829395033,0.0581201710039534
3521005,3,5,"Mississauga (CY)",0.0567452052236006,0.0572731146144014,0.0527869845629906,0.0573124339262971,0.0556242486690709,0.0487012987012987,0.0462650681056617,0.0420566674276438,0.0134241486659534,0.0581201710039534
3521010,3,5,"Brampton (CY)",0.054383878945341,0.0471523931259764,0.0513900366735583,0.0480808450774571,0.0382301709967861,0.0343807412100095,0.0309684929718439,0.0218231320126153,0.0134241486659534,0.0581201710039534
3521024,1,5,"Caledon (T)",0.00582994115027941,0.0041954267859679,0.00442317815938146,0.0058491702114081,0.00545619587350654,0.00432689261957555,0.0042484442316898,0.00290016826049091,0.00147013027569939,0.0581201710039534
3522001,1,5,"East Garafraxa (TP)",0.00021178561958967,0.000150546797329925,0.000141165260405791,0.00021365564813967,0.000242879222786487,0.000218561925878999,0.000179511728099569,9.30083115609331e-05,0.00147013027569939,0.0581201710039534
3522008,1,5,"Amaranth (TP)",0.000343526280594267,0.000264167021729868,0.000202925061833325,0.000338519338610905,0.000380265449817227,0.00030091859360152,0.000299186213499282,0.000160650719968884,0.00147013027569939,0.0581201710039534
3522010,2,5,"Grand Valley (T)",0.000233464462539793,0.000230080954409885,0.000194102233057963,0.000227529391525363,0.000284585755992247,0.000199556541019956,0.000157752730754167,0.000101463612611927,0.00546212244529098,0.0581201710039534
3522012,1,5,"Mono (T)",0.000665373718238411,0.000482885953699759,0.000411732009516891,0.000665939682513256,0.000824317362184441,0.000807728856509344,0.000696287915052874,0.000465041557804666,0.00147013027569939,0.0581201710039534
3522014,2,5,"Orangeville (T)",0.00251307817891049,0.00204516403919898,0.00226158510941778,0.00238073436498489,0.0020313534996688,0.0017231548938866,0.00177879803298664,0.00191935333857562,0.00546212244529098,0.0581201710039534
3522016,1,4,"Mulmur (TP)",0.00023846727245136,0.000195994887089902,0.000185279404282601,0.000285799113745273,0.000321385638232624,0.000354767184035477,0.000299186213499282,0.000186016623121866,0.00147013027569939,0.397478022900578
3522019,3,5,"Melancthon (TP)",0.000260146115401484,0.000213037920749893,0.000194102233057963,0.000241403134911055,0.000262505826648021,0.000215394361735825,0.000174071978763219,0.000109918913662921,0.0134241486659534,0.0581201710039534
3522021,3,5,"Shelburne (T)",0.000778770742900596,0.000553898593949723,0.000735235731280163,0.000585471970876238,0.000483305120090282,0.000433956287614824,0.000484137690935202,0.000651058180926532,0.0134241486659534,0.0581201710039534
3523001,1,4,"Puslinch (TP)",0.000501948594460555,0.000377787246129811,0.000341149379313996,0.000543850740719159,0.000694291111601776,0.00074754513778904,0.000772444405761783,0.000498862762008641,0.00147013027569939,0.397478022900578
3523008,2,5,"Guelph (CY)",0.0102474223021931,0.0113137338446243,0.0107373826196155,0.00995024875621891,0.00907485096047693,0.00844472600570162,0.00821946124722573,0.00946993717711319,0.00546212244529098,0.0581201710039534
3523009,1,4,"Guelph/Eramosa (TP)",0.0010005619823134,0.000730009941769635,0.000711708187879198,0.00101000851847844,0.00119231618458821,0.0010674691162496,0.00102811262457026,0.000811708900895416,0.00147013027569939,0.397478022900578
3523017,1,4,"Erin (T)",0.000867153718004946,0.000670359323959665,0.000576424813323648,0.000962837790967083,0.00117023625524398,0.000962939499524865,0.000777884155098133,0.000532683966212617,0.00147013027569939,0.397478022900578
3523025,1,4,"Centre Wellington (TP)",0.00221457718752032,0.00166737679306917,0.00180279801309896,0.00193954932531986,0.00214420647187262,0.00242635413367121,0.00254580268941207,0.00256195621845116,0.00147013027569939,0.397478022900578
3523033,4,5,"Mapleton (TP)",0.00126737851093031,0.000764096009089618,0.000738176674205284,0.000652065939127564,0.000650131252913324,0.000592334494773519,0.000500456938944253,0.000405854450447708,0.0509556829395033,0.0581201710039534
3523043,3,3,"Minto (T)",0.000703728594227091,0.00053969606589973,0.000547015384072441,0.000566048730136268,0.00064522460194794,0.000744377573645866,0.000734366160407328,0.00086244070720138,0.0134241486659534,0.242733923355498
3523050,4,4,"Wellington North (TP)",0.000982218345970987,0.000803863087629598,0.000711708187879198,0.000707560912670335,0.000893010475699811,0.000943934114665822,0.00107707036859742,0.00128520575975108,0.0509556829395033,0.397478022900578
3524001,1,5,"Oakville (T)",0.0171546351867632,0.012009657719074,0.0114343860928691,0.0182522967982175,0.0148818723780084,0.0120747545137789,0.0128704469298055,0.0130296189195816,0.00147013027569939,0.0581201710039534
3524002,1,5,"Burlington (CY)",0.0138077553559249,0.0110666098565545,0.0131754243045405,0.0147061679888344,0.0134687568999779,0.0133037694013304,0.0160037425475434,0.0175701155839654,0.00147013027569939,0.0581201710039534
3524009,1,5,"Milton (T)",0.01159984858162,0.00615821616247692,0.0115961379537507,0.0103636863091126,0.00571379504918918,0.00528666455495724,0.00454219069585274,0.00331447801198962,0.00147013027569939,0.0581201710039534
3524015,1,5,"Halton Hills (T)",0.00535133900207283,0.00377787246129811,0.00399674143523897,0.00548567813470295,0.00512254360786045,0.00365853658536585,0.00390574002349972,0.00335675451724459,0.00147013027569939,0.0581201710039534
3525005,4,5,"Hamilton (C)",0.0397706711936538,0.0411475642664394,0.0394821587697448,0.038347026718055,0.0402443512180761,0.0401773835920177,0.0404390965664302,0.0446439895492479,0.0509556829395033,0.0581201710039534
3526003,4,4,"Fort Erie (T)",0.0019711071051574,0.00163897173696918,0.00169104218194437,0.00205331402108254,0.00261769829003214,0.00331643965790307,0.0032801688498194,0.00297626596994986,0.0509556829395033,0.397478022900578
3526011,4,3,"Port Colborne (CY)",0.00114064065983728,0.00101974151398949,0.00101756625209175,0.00121533992058669,0.00152596845023429,0.00184668989547038,0.00187671352104095,0.00237593959532929,0.0509556829395033,0.242733923355498
3526014,2,3,"Wainfleet (TP)",0.000471931734991153,0.000377787246129811,0.000355854093939599,0.000441185039665032,0.000588798115846029,0.000592334494773519,0.000587492928325863,0.000372033246243733,0.00546212244529098,0.242733923355498
3526021,2,4,"West Lincoln (TP)",0.00129572776709585,0.000997017469109501,0.000894046649236678,0.00106272874334407,0.00114324967493437,0.00112131770668356,0.00102811262457026,0.000634147578824544,0.00546212244529098,0.397478022900578
3526028,1,4,"Pelham (T)",0.00118399834573752,0.000926004828859537,0.000826404961958903,0.00116816919307534,0.00137876892127279,0.00176433322774786,0.0018495147743592,0.00190244273647363,0.00147013027569939,0.397478022900578
3526032,4,5,"Welland (CY)",0.00356867107025112,0.00349098139468825,0.00348795830919309,0.00355445305541451,0.00399892053678762,0.00470383275261324,0.00504264763479699,0.00491252991062747,0.0509556829395033,0.0581201710039534
3526037,3,5,"Thorold (CY)",0.00138577834550406,0.00167021729867916,0.00122343225685019,0.00132910461634937,0.00147444861509776,0.00136522014570795,0.00135993733408765,0.00136975877026102,0.0134241486659534,0.0581201710039534
3526043,4,5,"Niagara Falls (CY)",0.00614845338131584,0.0058031529612271,0.00583777170636449,0.00644851592567003,0.00676872500674664,0.00754197022489705,0.00769724531093607,0.0086244070720138,0.0509556829395033,0.0581201710039534
3526047,1,4,"Niagara-on-the-Lake (T)",0.000958871899717008,0.000908961795199546,0.000752881388830887,0.00094896404758139,0.00138367557223817,0.00226480836236934,0.00250228469472127,0.00227447598271736,0.00147013027569939,0.397478022900578
3526053,4,5,"St. Catharines (CY)",0.00876659056836923,0.0104473796335748,0.00870519105835713,0.00877930481446643,0.00976178209563063,0.0112290148875515,0.0126800557030332,0.0144670200982506,0.0509556829395033,0.0581201710039534
3526057,1,5,"Lincoln (T)",0.00184770446067208,0.00141741229938929,0.00151164466351202,0.00166762395496028,0.00179092760236501,0.00183718720304086,0.00226293572392184,0.00262114332580812,0.00147013027569939,0.0581201710039534
3526065,1,5,"Grimsby (T)",0.00210785057607356,0.00157079960232921,0.00190573101547818,0.0020144675396026,0.00207060670739187,0.0022204624643649,0.00236085121197615,0.00246894790689022,0.00147013027569939,0.0581201710039534
3528018,3,4,"Haldimand County (CY)",0.00354198941738943,0.00292572077829854,0.00275860446376317,0.00312159226178089,0.00379038787075881,0.00406398479569211,0.00374798729274555,0.00326374620568365,0.0134241486659534,0.397478022900578
3528052,4,4,"Norfolk County (CY)",0.00445917123451005,0.00382616105666809,0.00376440694415443,0.00399008859772526,0.00512990358430853,0.00656636046879949,0.00660929544366596,0.0058426130262368,0.0509556829395033,0.397478022900578
3529005,1,4,"Brant (CY)",0.0028699452859356,0.00217298679164891,0.00230569925329459,0.0026693082274073,0.00293663060278207,0.00320240734874881,0.00301906088167457,0.00294244476574588,0.00147013027569939,0.397478022900578
3529006,4,5,"Brantford (CY)",0.0077260061067633,0.00677460587984661,0.00738764862790308,0.0068203322484066,0.0070214175314639,0.00759581881533101,0.00720222812132817,0.00783806407427136,0.0509556829395033,0.0581201710039534
3530004,1,5,"North Dumfries (TP)",0.000883829751043503,0.000593665672489703,0.000691121587403353,0.000813001362401601,0.000868477220872893,0.000753880266075388,0.000696287915052874,0.000481952159906653,0.00147013027569939,0.0581201710039534
3530010,3,5,"Cambridge (CY)",0.0107010104008418,0.00924016474932538,0.0100286153746614,0.0103609115604354,0.00953362282574029,0.00876781754830535,0.00833913573262544,0.00828619502997404,0.0134241486659534,0.0581201710039534
3530013,3,5,"Kitchener (CY)",0.0180901606402263,0.0197074279221701,0.0202013369526538,0.0175058894040672,0.01615024165256,0.0150490972442192,0.0145186909787197,0.0141964504646188,0.0134241486659534,0.0581201710039534
3530016,1,5,"Waterloo (CY)",0.00796780858582237,0.0109728731714245,0.00711414093586686,0.00776652154731085,0.00726920340521577,0.00672157111181501,0.0065385787022934,0.00719546119439583,0.00147013027569939,0.0581201710039534
3530020,1,5,"Wilmot (TP)",0.00176932710539086,0.00113052123277943,0.00153223126398786,0.00154276026448904,0.00135914231741125,0.00161229014887551,0.00178967753165934,0.0015304094902299,0.00147013027569939,0.0581201710039534
3530027,4,5,"Wellesley (TP)",0.00131240380013441,0.000741371964209629,0.00072053101665456,0.000779704378275938,0.000711464389980619,0.000696864111498258,0.000636450672353018,0.000456586256753672,0.0509556829395033,0.0581201710039534
3530035,1,5,"Woolwich (TP)",0.00229628974940925,0.00148274392841926,0.0018939672437777,0.00181468563484862,0.00165354137533427,0.00175483053531834,0.00189847251838635,0.00190244273647363,0.00147013027569939,0.0581201710039534
3531011,3,4,"Stratford (CY)",0.00216621669170851,0.00202528049992899,0.00211453796316175,0.00215597972213667,0.00242879222786487,0.00283180234399747,0.00283410940423865,0.0031961037972757,0.0134241486659534,0.397478022900578
3531013,1,3,"Perth South (TP)",0.000308506611213298,0.000252804999289874,0.000199984118908204,0.000280249616390995,0.000350825544024926,0.000329426670890086,0.000271987466817529,0.00019447192417286,0.00147013027569939,0.242733923355498
3531016,1,3,"St. Marys (T)",0.000530297850626102,0.000448799886379776,0.00044996426754346,0.000480031521144972,0.000522558327813351,0.000624010136205258,0.000712607163061926,0.000921627814558337,0.00147013027569939,0.242733923355498
3531025,1,4,"West Perth (MU)",0.000778770742900596,0.000605027694929698,0.000579365756248768,0.000557724484104852,0.000682024484188317,0.000646183085207475,0.000647330171025719,0.000786342997742435,0.00147013027569939,0.397478022900578
3531030,3,5,"Perth East (TP)",0.00126737851093031,0.000863513705439568,0.000796995532707697,0.000793578121661631,0.000841490640563283,0.000826734241368388,0.00075068540841638,0.000752521793538459,0.0134241486659534,0.0581201710039534
3531040,2,4,"North Perth (MU)",0.0011623195027874,0.00094020735690953,0.000949924564813971,0.000779704378275938,0.000907730428595962,0.000924928729806779,0.00102811262457026,0.00121756335134312,0.00546212244529098,0.397478022900578
3532002,2,5,"Norwich (TP)",0.00114897867635655,0.000764096009089618,0.000705826302028957,0.000682588174576088,0.000777704178013297,0.000769718086791258,0.000712607163061926,0.000549594568314605,0.00546212244529098,0.0581201710039534
3532004,4,3,"Tillsonburg (T)",0.00104725487482136,0.000943047862519528,0.000952865507739091,0.000979486283029915,0.00108191653786708,0.0014317389927146,0.00208342399582227,0.0022237441764114,0.0509556829395033,0.242733923355498
3532012,2,4,"South-West Oxford (TP)",0.000713734214050225,0.00048004544808976,0.000517605954821235,0.000516103253947774,0.000586344790363338,0.000611339879632563,0.000516776186953305,0.00038894384834572,0.00546212244529098,0.397478022900578
3532018,3,4,"Ingersoll (T)",0.00105559289134064,0.000846470671779577,0.000908751363862282,0.000951738796258529,0.00100831677338633,0.000902755780804561,0.000870359893816093,0.000938538416660325,0.0134241486659534,0.397478022900578
3532027,1,3,"Zorra (TP)",0.000667041321542266,0.00051981252662974,0.000552897269922683,0.000563273981459129,0.000659944554844091,0.000677858726639214,0.00065276992036207,0.00043122035360069,0.00147013027569939,0.242733923355498
3532038,1,3,"East Zorra-Tavistock (TP)",0.000558647106791648,0.000443118875159778,0.000482314639719787,0.000474482023790695,0.000539731606192194,0.000636680392777954,0.000571173680316811,0.00066796878302852,0.00147013027569939,0.242733923355498
3532042,3,5,"Woodstock (CY)",0.00305338164935972,0.0027978980258486,0.00316739553035494,0.002863540634807,0.0029268173008513,0.0030947101678809,0.00336176508986466,0.00394017028976317,0.0134241486659534,0.0581201710039534
3532045,1,4,"Blandford-Blenheim (TP)",0.000573655536526349,0.000477204942479761,0.000479373696794666,0.000568823478813406,0.000647677927430632,0.000605004751346215,0.000554854432307759,0.000346667343090751,0.00147013027569939,0.397478022900578
3534005,5,5,"Bayham (MU)",0.000842139668447111,0.000482885953699759,0.000447023324618339,0.000471707275113557,0.000495571747503741,0.000497307570478302,0.000489577440271552,0.000279024934682799,0.928687915673553,0.0581201710039534
3534010,5,5,"Malahide (TP)",0.00102390842856738,0.000576622638829712,0.000623479900125578,0.000649291190450425,0.000601064743259488,0.000627177700348432,0.000538535184298708,0.000448130955702678,0.928687915673553,0.0581201710039534
3534011,5,5,"Aylmer (T)",0.000663706114934555,0.000565260616389717,0.000476432753869546,0.000443959788342171,0.0005078383749172,0.000554323725055432,0.000625571173680317,0.000676424084079514,0.928687915673553,0.0581201710039534
3534020,1,4,"Central Elgin (MU)",0.000905508593993626,0.000641954267859679,0.000741117617130404,0.000943414550227113,0.00112852972203822,0.00129236617041495,0.00114234736063362,0.000684879385130508,0.00147013027569939,0.397478022900578
3534021,4,5,"St. Thomas (CY)",0.00301335917006719,0.00233205510580883,0.0027762501213139,0.00289683761893267,0.00284831088540517,0.00318973709217612,0.00345968057791897,0.00307772958256179,0.0509556829395033,0.0581201710039534
3534024,1,4,"Southwold (TP)",0.000343526280594267,0.000232921460019884,0.000291153349586945,0.000344068835965182,0.000365545496921076,0.000364269876464998,0.000391661952217242,0.000312846138886775,0.00147013027569939,0.397478022900578
3534030,2,3,"Dutton/Dunwich (MU)",0.000290162974870886,0.000232921460019884,0.000238216376934773,0.000280249616390995,0.0003287456146807,0.000307253721887868,0.000348143957526437,0.000338212042039757,0.00546212244529098,0.242733923355498
3534042,4,2,"West Elgin (MU)",0.000355199503721257,0.000261326516119869,0.000279389577886462,0.00033019509257949,0.000444051912367214,0.000509977827050998,0.000462378693589799,0.000439675654651684,0.0509556829395033,0.169346756980225
3536020,4,4,"Chatham-Kent (MU)",0.00757425420611243,0.00603039341002698,0.00641125557676302,0.00652065939127563,0.00816957385736366,0.0092112765283497,0.00950324209060447,0.00971514090759201,0.0509556829395033,0.397478022900578
3537003,5,5,"Leamington (MU)",0.00224792925359744,0.00195994887089902,0.00186161687160137,0.0018563068650057,0.00196020706067074,0.00200823566677225,0.00220309848122199,0.00290016826049091,0.928687915673553,0.0581201710039534
3537013,2,4,"Kingsville (T)",0.00163091603117084,0.00127822752449936,0.00144988486208448,0.00159825523803182,0.00155540835602659,0.0019290465631929,0.00189303276905,0.00187707683332065,0.00546212244529098,0.397478022900578
3537016,3,3,"Essex (T)",0.00145248247765828,0.00121857690668939,0.00120284565637435,0.00153998551581191,0.00172223448884964,0.00189420335761799,0.00178967753165934,0.00164878370494381,0.0134241486659534,0.242733923355498
3537028,2,4,"Amherstburg (T)",0.00168094413028651,0.00131515409742934,0.00139400694650719,0.00166484920628314,0.00177130099850347,0.00197339246119734,0.00172440053962313,0.00154732009233189,0.00546212244529098,0.397478022900578
3537034,1,5,"LaSalle (T)",0.00255476826150688,0.00188325521942906,0.00185279404282601,0.00251669705016468,0.00245823213365717,0.00220145707950586,0.00214870098785848,0.00176715791965773,0.00147013027569939,0.0581201710039534
3537039,5,5,"Windsor (CY)",0.0162291153531233,0.0174889930407613,0.0149693994888641,0.0158743371819097,0.0156203233482986,0.0162210959771935,0.0168414639453414,0.0182127184638409,0.928687915673553,0.0581201710039534
3537048,1,5,"Tecumseh (T)",0.00169094975010964,0.00146001988353927,0.00122343225685019,0.00175364116395157,0.00202399352322073,0.00214444092492873,0.00200726750511336,0.00170797081230077,0.00147013027569939,0.0581201710039534
3537064,1,5,"Lakeshore (T)",0.00319012512027589,0.00205368555602897,0.00239980942689845,0.0030938447750095,0.00291700399892054,0.00285080772885651,0.00247508594803951,0.00177561322070872,0.00147013027569939,0.0581201710039534
3538003,2,4,"St. Clair (TP)",0.00103224644508666,0.000806703593239597,0.000976393051140056,0.000943414550227113,0.00113834302396899,0.00137472283813747,0.00130010009138779,0.000896261911405356,0.00546212244529098,0.397478022900578
3538007,3,4,"Dawn-Euphemia (TP)",0.000161757520474,0.000107939213179946,0.000126460545780188,0.00013596268517979,0.000157012830892274,0.000183718720304086,0.000163192480090517,0.000109918913662921,0.0134241486659534,0.397478022900578
3538015,3,3,"Brooke-Alvinston (MU)",0.000196777189854969,0.000167589830989916,0.000149988089181153,0.00015538592591976,0.00019135938764996,0.000215394361735825,0.000206710474781322,0.000109918913662921,0.0134241486659534,0.242733923355498
3538016,1,3,"Enniskillen (TP)",0.000201779999766536,0.00015906831415992,0.000141165260405791,0.000172034417982591,0.000257599175682638,0.000228064618308521,0.000271987466817529,0.000380488547294726,0.00147013027569939,0.242733923355498
3538018,2,1,"Oil Springs (VL)",4.66928925079586e-05,4.54480897599773e-05,4.41141438768098e-05,3.60717328028014e-05,6.13331370672947e-05,5.06810262907824e-05,6.5276992036207e-05,3.38212042039757e-05,0.00546212244529098,0.132321125759746
3538019,3,4,"Petrolia (T)",0.000448585288737174,0.000335179661979832,0.000417613895367133,0.000374591071413707,0.000385172100782611,0.000471967057332911,0.000511336437616955,0.000693334686181501,0.0134241486659534,0.397478022900578
3538030,4,5,"Sarnia (CY)",0.00484271999439685,0.00507882403067746,0.00467904019386696,0.00445624637548454,0.00541203601481809,0.00660437123851758,0.00684320466512903,0.00745757552697664,0.0509556829395033,0.0581201710039534
3538031,2,2,"Point Edward (VL)",0.000113397024662185,0.000113620224399943,0.000114696774079705,0.00013596268517979,0.000169279458305733,0.000228064618308521,0.000244788720135776,0.000245203730478824,0.00546212244529098,0.169346756980225
3538035,1,4,"Plympton-Wyoming (T)",0.000602004792691895,0.000465842920039767,0.000461728039243942,0.000502229510562081,0.000650131252913324,0.000782388343363953,0.000712607163061926,0.000439675654651684,0.00147013027569939,0.397478022900578
3538040,2,2,"Lambton Shores (MU)",0.00057699074313406,0.000531174549069734,0.000532310669446838,0.000541075992042021,0.00090527710311327,0.00139056065885334,0.00145785282214196,0.00121756335134312,0.00546212244529098,0.169346756980225
3538043,2,4,"Warwick (TP)",0.000321847437644143,0.000247123988069876,0.000244098262785014,0.000224754642848224,0.00027477245406148,0.000294583465315173,0.000266547717481178,0.000329756740988763,0.00546212244529098,0.397478022900578
3539002,5,3,"Newbury (VL)",4.16900825963916e-05,2.84050560999858e-05,2.94094292512065e-05,3.60717328028014e-05,2.69865803096097e-05,3.48432055749129e-05,4.89577440271552e-05,3.38212042039757e-05,0.928687915673553,0.242733923355498
3539005,3,2,"Southwest Middlesex (MU)",0.000428574049090906,0.000338020167589831,0.000355854093939599,0.000352393081996598,0.000495571747503741,0.000528983211910041,0.000527655685626006,0.000456586256753672,0.0134241486659534,0.169346756980225
3539015,3,4,"Strathroy-Caradoc (MU)",0.0016325836344747,0.00128390853571936,0.00137047940310622,0.00150668853168624,0.00156522165795736,0.00166930630345264,0.00189303276905,0.00186016623121866,0.0134241486659534,0.397478022900578
3539027,1,4,"Thames Centre (MU)",0.00105559289134064,0.000752733986649624,0.000749940445905766,0.000996134775092746,0.00120703613748436,0.00111815014254039,0.00106075112058836,0.000718700589334483,0.00147013027569939,0.397478022900578
3539033,1,5,"Middlesex Centre (MU)",0.00149917537016624,0.000866354211049567,0.00104991662426807,0.00137627534386073,0.0013738622703074,0.00140323091542604,0.0014306540754602,0.0011076444376802,0.00147013027569939,0.0581201710039534
3539036,3,5,"London (CY)",0.02819083385168,0.0334128674904133,0.0293741379361051,0.0264350306470991,0.0273423125046,0.0278618942033576,0.0279385525914966,0.0296189195816317,0.0134241486659534,0.0581201710039534
3539041,2,3,"North Middlesex (MU)",0.00052696264401839,0.000411873313449794,0.000397027294891288,0.000402338558185092,0.000510291700399892,0.000506810262907824,0.000549414682971409,0.000507318063059635,0.00546212244529098,0.242733923355498
3539047,1,4,"Adelaide-Metcalfe (TP)",0.000265148925313051,0.000167589830989916,0.000191161290132842,0.000210880899462531,0.000237972571821103,0.000215394361735825,0.000217589973454023,0.000287480235733793,0.00147013027569939,0.397478022900578
3539060,1,4,"Lucan Biddulph (TP)",0.000403559999533071,0.000309615111489845,0.000370558808565202,0.000344068835965182,0.000336105591128775,0.000357934748178651,0.000342704208190087,0.00023674842942783,0.00147013027569939,0.397478022900578
3540005,3,3,"South Huron (MU)",0.000682049751276967,0.000590825166879705,0.000570542927473407,0.000577147724844822,0.000772797527047913,0.00099144757681343,0.00117498585665173,0.00131902696395505,0.0134241486659534,0.242733923355498
3540010,1,2,"Bluewater (MU)",0.000463593718471875,0.000434597358329783,0.000373499751490323,0.000413437552893647,0.00060351806874218,0.000795058599936649,0.000756125157752731,0.000710245288283489,0.00147013027569939,0.169346756980225
3540025,2,3,"Central Huron (MU)",0.000553644296880081,0.000448799886379776,0.000435259552917857,0.000446734537019309,0.000571624837467187,0.000795058599936649,0.000854040645807041,0.000608781675671562,0.00546212244529098,0.242733923355498
3540028,3,3,"Goderich (T)",0.000490275371333566,0.000397670785399801,0.000458787096318822,0.000449509285696448,0.000559358210053728,0.000836236933797909,0.000870359893816093,0.00104000202927225,0.0134241486659534,0.242733923355498
3540040,3,3,"Huron East (MU)",0.000753756693342761,0.000616389717369692,0.000573483870398527,0.000574372976167684,0.000684477809671009,0.000760215394361736,0.000821402149788938,0.000735611191436471,0.0134241486659534,0.242733923355498
3540046,5,5,"Howick (TP)",0.000421903635875483,0.000255645504899872,0.000247039205710135,0.000219205145493947,0.000264959152130713,0.000275578080456129,0.000255668218808477,0.000219837827325842,0.928687915673553,0.0581201710039534
3540050,3,3,"Morris-Turnberry (MU)",0.000333520660771133,0.000213037920749893,0.00022351166230917,0.000180358664014007,0.00026005250116533,0.000278745644599303,0.000266547717481178,0.000346667343090751,0.0134241486659534,0.242733923355498
3540055,4,3,"North Huron (TP)",0.000403559999533071,0.000298253089049851,0.000320562778838151,0.000299672857130965,0.000353278869507618,0.000456129236617041,0.000451499194917098,0.00043122035360069,0.0509556829395033,0.242733923355498
3540063,3,2,"Ashfield-Colborne-Wawanosh (TP)",0.000418568429267772,0.00036074421246982,0.000267625806185979,0.000269150621682441,0.000414612006574912,0.000608172315489389,0.000582053178989512,0.000422765052549696,0.0134241486659534,0.169346756980225
3541004,2,2,"South Bruce (MU)",0.000460258511864164,0.000389149268569805,0.000370558808565202,0.000346843584642321,0.000458771865263365,0.00048780487804878,0.000435179946908046,0.000346667343090751,0.00546212244529098,0.169346756980225
3541015,2,3,"Huron-Kinloss (TP)",0.000555311900183937,0.000414713819059793,0.000429377667067615,0.000371816322736568,0.000522558327813351,0.000738042445359519,0.000696287915052874,0.00066796878302852,0.00546212244529098,0.242733923355498
3541024,1,4,"Kincardine (MU)",0.000802117189154575,0.000667518818349666,0.000808759304408179,0.000627093201033316,0.000893010475699811,0.00117516629711752,0.00111514861395187,0.00104845733032325,0.00147013027569939,0.397478022900578
3541032,2,2,"Brockton (MU)",0.000697058181011668,0.000568101121999716,0.00063230272890094,0.000554949735427714,0.000762984225117146,0.000883750395945518,0.000892118891161495,0.000870896008252374,0.00546212244529098,0.169346756980225
3541043,3,4,"Arran-Elderslie (MU)",0.000571987933222493,0.000403351796619798,0.000488196525570028,0.000385690066122261,0.000500478398469125,0.000595502058916693,0.000609251925671265,0.000549594568314605,0.0134241486659534,0.397478022900578
3541045,1,4,"Saugeen Shores (T)",0.000855480494877956,0.000798182076409601,0.000955806450664212,0.000743632645473136,0.00104021000466132,0.00155527399429838,0.00151225031550546,0.00136975877026102,0.00147013027569939,0.397478022900578
3541055,3,2,"South Bruce Peninsula (T)",0.000466928925079586,0.0004005112910098,0.000441141438768098,0.000438410290987894,0.000662397880326783,0.00107697180867913,0.00122394360067888,0.00101463612611927,0.0134241486659534,0.169346756980225
3541069,2,1,"Northern Bruce Peninsula (MU)",0.000146749090739299,0.000147706291719926,0.000138224317480671,0.000172034417982591,0.000350825544024926,0.000639847956921128,0.000728926411070978,0.000600326374620568,0.00546212244529098,0.132321125759746
3542004,3,2,"West Grey (MU)",0.000875491734524224,0.000647635279079676,0.000694062530328474,0.000807451865047323,0.00105738328304016,0.00136205258156478,0.00133273858740589,0.000997725524017283,0.0134241486659534,0.169346756980225
3542005,4,4,"Southgate (TP)",0.000658703305022988,0.000514131515409743,0.000426436724142495,0.000493905264530665,0.000642771276465249,0.000554323725055432,0.000484137690935202,0.000346667343090751,0.0509556829395033,0.397478022900578
3542015,3,3,"Grey Highlands (MU)",0.000725407437177215,0.000587984661269706,0.000547015384072441,0.000588246719553376,0.00079487745639214,0.000962939499524865,0.00106075112058836,0.000837074804048398,0.0134241486659534,0.242733923355498
3542029,4,4,"Hanover (T)",0.000528630247322246,0.000443118875159778,0.000482314639719787,0.000468932526436418,0.000515198351365276,0.000687361419068736,0.000864920144479742,0.00121756335134312,0.0509556829395033,0.397478022900578
3542037,3,4,"Chatsworth (TP)",0.000515289420891401,0.00036074421246982,0.000376440694415443,0.000430086044956478,0.000537278280709502,0.00070636680392778,0.000609251925671265,0.00043122035360069,0.0134241486659534,0.397478022900578
3542045,1,1,"The Blue Mountains (T)",0.000321847437644143,0.000312455617099844,0.000291153349586945,0.000355167830673737,0.000605971394224872,0.00100411783338613,0.00111514861395187,0.000904717212456349,0.00147013027569939,0.132321125759746
3542047,2,2,"Meaford (MU)",0.000652032891807565,0.000534015054679733,0.000599952356724613,0.000591021468230515,0.000910183754078654,0.00136522014570795,0.00141433482745115,0.00118374214713915,0.00546212244529098,0.169346756980225
3542053,1,2,"Georgian Bluffs (TP)",0.000685384957884679,0.000516972021019741,0.000561720098698045,0.000665939682513256,0.000951890287284414,0.00125435540069686,0.00114778710996997,0.000642602879875538,0.00147013027569939,0.169346756980225
3542059,5,4,"Owen Sound (CY)",0.00139244875871948,0.00143729583865928,0.00131754243045405,0.00126528539677519,0.00160692819116312,0.0018561925878999,0.00210518299316767,0.00335675451724459,0.928687915673553,0.397478022900578
3543003,2,4,"Adjala-Tosorontio (TP)",0.000823796032104699,0.000684561852009658,0.000611716128425096,0.00091011756610145,0.00108682318883246,0.000912258473234083,0.000772444405761783,0.000448130955702678,0.00546212244529098,0.397478022900578
3543005,2,3,"Clearview (TP)",0.00107393652768305,0.000863513705439568,0.000841109676584507,0.00105440449731266,0.00118004955717475,0.00122267975926513,0.00120218460333348,0.00108227853452722,0.00546212244529098,0.242733923355498
3543007,2,5,"New Tecumseth (T)",0.00263814842669966,0.00217582729725891,0.00245568734247574,0.00253334554222751,0.00260788498810137,0.00250554323725055,0.00308433787371078,0.00281561524998098,0.00546212244529098,0.0581201710039534
3543009,1,5,"Springwater (TP)",0.00156754710562433,0.00111063769350944,0.00118519999882362,0.0015177875263948,0.0017026078849881,0.00155527399429838,0.00130010009138779,0.000887806610354362,0.00147013027569939,0.0581201710039534
3543014,2,5,"Bradford West Gwillimbury (T)",0.00312175338481781,0.00247976139752876,0.00322327344593223,0.00284689214274417,0.00248276538848409,0.00213493823249921,0.00178967753165934,0.00156423069443388,0.00546212244529098,0.0581201710039534
3543015,2,3,"Severn (TP)",0.000878826941131936,0.000775458031529612,0.000749940445905766,0.000926766058164282,0.00119967616103628,0.00143807412100095,0.0013871360807694,0.000921627814558337,0.00546212244529098,0.242733923355498
3543017,2,5,"Innisfil (T)",0.00286827768263174,0.00231785257775884,0.00262332108920762,0.0028274689020042,0.00314516326881087,0.00264808362369338,0.00272531441751164,0.00209691466064649,0.00546212244529098,0.0581201710039534
3543019,3,2,"Ramara (TP)",0.000545306280360803,0.000471523931259764,0.000447023324618339,0.000618768955001901,0.00087829052280366,0.00112131770668356,0.00120218460333348,0.00082016420194641,0.0134241486659534,0.169346756980225
3543021,2,5,"Essa (TP)",0.00181268479129111,0.0017923590399091,0.00174103821167143,0.00162045322744892,0.00161674149309389,0.00128286347798543,0.000990034379215806,0.000651058180926532,0.00546212244529098,0.0581201710039534
3543023,1,4,"Oro-Medonte (TP)",0.00149750776686239,0.00110779718789945,0.00120872754222459,0.0015538592591976,0.00195530040970536,0.00206841938549256,0.00193111101440446,0.00119219744819014,0.00147013027569939,0.397478022900578
3543031,3,4,"Collingwood (T)",0.00138244313889635,0.00124698196278938,0.00132636525922941,0.00138737433856928,0.00155786168150929,0.00226797592651251,0.00257300143609382,0.00265496453001209,0.0134241486659534,0.397478022900578
3543042,3,5,"Barrie (CY)",0.0117165808128899,0.0111972731146144,0.0109491305102242,0.0111211926979714,0.0103015137018228,0.00843522331327209,0.00866552069280647,0.00958831139182711,0.0134241486659534,0.0581201710039534
3543052,5,5,"Orillia (CY)",0.00199945636132294,0.00222127538701889,0.0019792545886062,0.00188960384913136,0.00236745909079758,0.00272093759898638,0.00314417511641064,0.00419382932129298,0.928687915673553,0.0581201710039534
3543064,3,4,"Wasaga Beach (T)",0.00111395900697558,0.000877716233489561,0.00100286153746614,0.00117926818778389,0.00155050170506121,0.00269876464998416,0.00345968057791897,0.00229138658481935,0.0134241486659534,0.397478022900578
3543068,2,2,"Tiny (TP)",0.000652032891807565,0.000576622638829712,0.000573483870398527,0.000721434656056028,0.00109418316528054,0.00151409566043712,0.00149049131816006,0.000946993717711319,0.00546212244529098,0.169346756980225
3543071,3,3,"Tay (TP)",0.000622016032338163,0.000568101121999716,0.000617598014275337,0.000718659907378889,0.000890557150217119,0.00110547988596769,0.00100635362722486,0.000583415772518581,0.0134241486659534,0.242733923355498
3543072,4,4,"Penetanguishene (T)",0.000536968263841524,0.000565260616389717,0.000532310669446838,0.000543850740719159,0.000787517479944064,0.000855242318656953,0.000990034379215806,0.00103154672822126,0.0509556829395033,0.397478022900578
3543074,5,4,"Midland (T)",0.00105392528803678,0.0009998579747195,0.000973452108214936,0.00101555801583272,0.00136895561934202,0.0017231548938866,0.00186583402236825,0.00209691466064649,0.928687915673553,0.397478022900578
3544002,4,4,"Gravenhurst (T)",0.000640359668680576,0.000636273256639682,0.000744058560055525,0.000765830634890245,0.00105247663207478,0.00136205258156478,0.00149049131816006,0.00163187310284183,0.0509556829395033,0.397478022900578
3544018,2,3,"Bracebridge (T)",0.00102390842856738,0.00090044027836955,0.000941101736038609,0.000973936785675637,0.00130271583130934,0.00162496040544821,0.00181143652900474,0.00190244273647363,0.00546212244529098,0.242733923355498
3544027,1,1,"Lake of Bays (TP)",0.00013841107422002,0.000122141741229939,0.000129401488705309,0.000172034417982591,0.000287039081474939,0.000475134621476085,0.000538535184298708,0.000304390837835781,0.00147013027569939,0.132321125759746
3544042,3,3,"Huntsville (T)",0.00131073619683055,0.0011930123561994,0.00123225508562555,0.00130135712957799,0.00166826132823042,0.00183718720304086,0.00198550850776796,0.00207154875749351,0.0134241486659534,0.242733923355498
3544053,2,1,"Muskoka Lakes (TP)",0.000316844627732576,0.00034086067319983,0.000311739950062789,0.000363492076705152,0.000628051323569098,0.000864745011086475,0.000908438139170547,0.000617236976722556,0.00546212244529098,0.132321125759746
3544065,4,1,"Georgian Bay (TP)",0.00011172942135833,0.000110779718789945,0.000111755831154585,0.000133187936502651,0.000245332548269179,0.000370605004751346,0.000353583706862788,0.000245203730478824,0.0509556829395033,0.132321125759746
3546005,5,1,"Highlands East (MU)",0.00013841107422002,0.000130663258059935,0.000114696774079705,0.000169259669305453,0.000355732194990309,0.000506810262907824,0.000511336437616955,0.000372033246243733,0.928687915673553,0.132321125759746
3546015,4,1,"Minden Hills (TP)",0.000283492561655463,0.000258486010509871,0.000273507692036221,0.000316321349193797,0.000544638257157577,0.000839404497941083,0.0009356368858523,0.000777887696691441,0.0509556829395033,0.132321125759746
3546018,3,1,"Algonquin Highlands (TP)",8.33801651927833e-05,8.8055673909956e-05,9.11692306787402e-05,0.000113764695762681,0.00023306592085572,0.000348432055749129,0.000435179946908046,0.000295935536784787,0.0134241486659534,0.132321125759746
3546024,3,1,"Dysart et al (MU)",0.000298500991390164,0.000281210055389859,0.0002705667491111,0.000302447605808104,0.000549544908122961,0.000880582831802344,0.000973715131206754,0.00082016420194641,0.0134241486659534,0.132321125759746
3547002,3,4,"Arnprior (T)",0.000580325949741772,0.000534015054679733,0.000573483870398527,0.000518878002624912,0.00064522460194794,0.00087741526765917,0.000902998389834196,0.00114146564188418,0.0134241486659534,0.397478022900578
3547003,1,2,"McNab/Braeside (TP)",0.000491942974637421,0.000406192302229797,0.000408791066591771,0.000527202248656328,0.000682024484188317,0.000738042445359519,0.000603812176334914,0.000414309751498702,0.00147013027569939,0.169346756980225
3547008,2,1,"Greater Madawaska (TP)",0.000110061818054474,9.37366851299531e-05,0.000102933002379223,0.000147061679888344,0.000230612595373028,0.000408615774469433,0.000369902954871839,0.000219837827325842,0.00546212244529098,0.132321125759746
3547020,5,2,"Brudenell, Lyndoch and Raglan (TP)",9.83885949274843e-05,5.3969606589973e-05,7.6464516053137e-05,8.60172089912956e-05,0.00013738622703074,0.000193221412733608,0.000179511728099569,0.000135284816815903,0.928687915673553,0.169346756980225
3547030,5,1,"Madawaska Valley (TP)",0.000233464462539793,0.000164749325379918,0.00017939751843236,0.00021365564813967,0.000363092171438385,0.000516312955337346,0.00056573393098046,0.000583415772518581,0.928687915673553,0.132321125759746
3547033,4,2,"Killaloe, Hagarty and Richards (TP)",0.000180101156816412,9.65771907399517e-05,0.000114696774079705,0.000160935423274037,0.000183999411201884,0.000291415901171999,0.00028286696549023,0.00019447192417286,0.0509556829395033,0.169346756980225
3547035,4,2,"Bonnechere Valley (TP)",0.000231796859235938,0.000164749325379918,0.000185279404282601,0.00021365564813967,0.000316478987267241,0.000433956287614824,0.000451499194917098,0.000405854450447708,0.0509556829395033,0.169346756980225
3547043,2,3,"Admaston/Bromley (TP)",0.000261813718705339,0.000156227808549922,0.000176456575507239,0.000216430396816808,0.000230612595373028,0.000262907823883434,0.000244788720135776,0.000126829515764909,0.00546212244529098,0.242733923355498
3547046,2,2,"Horton (TP)",0.00020011239646268,0.000150546797329925,0.000173515632582118,0.000216430396816808,0.000247785873751871,0.000313588850174216,0.000261107968144828,0.000152195418917891,0.00546212244529098,0.169346756980225
3547048,5,3,"Renfrew (T)",0.000496945784548988,0.000443118875159778,0.000455846153393701,0.000466157777759279,0.000657491229361399,0.000845739626227431,0.000930197136515949,0.00135284816815903,0.928687915673553,0.242733923355498
3547056,3,2,"Whitewater Region (TP)",0.000530297850626102,0.000372106234909814,0.000464668982169063,0.000410662804216508,0.000593704766811413,0.000649350649350649,0.000679968667043823,0.00062569227777355,0.0134241486659534,0.169346756980225
3547064,5,3,"Pembroke (CY)",0.000882162147739647,0.000994176963499503,0.000926397021413005,0.000754731640181691,0.0010451166556267,0.00113082039911308,0.0014415335741329,0.00224065477851339,0.928687915673553,0.242733923355498
3547070,3,2,"North Algona Wilberforce (TP)",0.000180101156816412,0.00013918477488993,0.000164692803806757,0.000185908161368284,0.000277225779544172,0.000348432055749129,0.000320945210844684,0.000186016623121866,0.0134241486659534,0.169346756980225
3547075,2,2,"Laurentian Valley (TP)",0.000685384957884679,0.000556739099559722,0.000617598014275337,0.000688137671930365,0.00080959740928829,0.000829901805511562,0.000832281648461639,0.000558049869365599,0.00546212244529098,0.169346756980225
3547076,1,5,"Petawawa (T)",0.00156754710562433,0.00202528049992899,0.00187632158622698,0.00111822371688684,0.000858663918942126,0.000687361419068736,0.00065276992036207,0.000465041557804666,0.00147013027569939,0.0581201710039534
3547090,2,2,"Laurentian Hills (T)",0.000218456032805092,0.000204516403919898,0.000249980148635255,0.00017480916665973,0.000247785873751871,0.000250237567310738,0.000244788720135776,0.000160650719968884,0.00546212244529098,0.169346756980225
3547096,1,4,"Deep River (T)",0.000280157355047752,0.000227240448799886,0.000285271463736703,0.000235853637556778,0.000316478987267241,0.000380107697180868,0.000456938944253449,0.000498862762008641,0.00147013027569939,0.397478022900578
3548001,5,1,"South Algonquin (TP)",4.33576859002473e-05,4.82885953699759e-05,4.41141438768098e-05,6.93687169284642e-05,0.000120212948651898,0.000148875514729173,0.000157752730754167,0.000109918913662921,0.928687915673553,0.132321125759746
3548013,5,2,"Papineau-Cameron (TP)",6.67041321542266e-05,4.54480897599773e-05,5.58779155772924e-05,6.93687169284642e-05,0.000100586344790363,0.000126702565726956,8.15962400452587e-05,5.91871073569574e-05,0.928687915673553,0.169346756980225
3548021,5,4,"Mattawa (T)",0.000123402644485319,0.000105098707569947,0.000105873945304343,0.000108215198408404,0.00019135938764996,0.000196388976876782,0.000217589973454023,0.000279024934682799,0.928687915673553,0.397478022900578
3548022,5,2,"Calvin (MU)",4.16900825963916e-05,2.84050560999858e-05,3.23503721763272e-05,3.05222354485242e-05,5.15198351365276e-05,3.80107697180868e-05,5.43974933635058e-05,4.22765052549696e-05,0.928687915673553,0.169346756980225
3548027,3,2,"Bonfield (TP)",0.000125070247789175,0.000110779718789945,0.00013528337455555,0.000127638439148374,0.000198719364098035,0.000221729490022173,0.000163192480090517,8.45530105099392e-05,0.0134241486659534,0.169346756980225
3548031,4,3,"Chisholm (TP)",0.000103391404839051,6.81721346399659e-05,9.11692306787402e-05,7.21434656056028e-05,0.000112852972203822,0.000136205258156478,0.000103355237390661,3.38212042039757e-05,0.0509556829395033,0.242733923355498
3548034,1,3,"East Ferris (MU)",0.000333520660771133,0.000221559437579889,0.000308799007137669,0.000332969841256628,0.000468585167194132,0.000475134621476085,0.000353583706862788,0.000355122644141745,0.00147013027569939,0.242733923355498
3548044,4,5,"North Bay (CY)",0.00354532462399715,0.00398522937082801,0.0035320724530699,0.00343513886229755,0.00399401388582223,0.00406081723154894,0.00471626267461595,0.00480261099696455,0.0509556829395033,0.0581201710039534
3548055,5,3,"West Nipissing (M)",0.000985553552578698,0.000693083368839653,0.000802877418557938,0.000962837790967083,0.00122911606682859,0.00143807412100095,0.00168632229426868,0.00128520575975108,0.928687915673553,0.242733923355498
3548069,5,1,"Temagami (MU)",3.5019669380969e-05,3.12455617099844e-05,2.94094292512065e-05,4.99454761884942e-05,9.07730428595962e-05,0.000104529616724739,0.000125114234736063,6.76424084079514e-05,0.928687915673553,0.132321125759746
3548094,5,1,"Nipissing, Unorganized, North Part (NO)",0.000108394214750618,7.95341570799602e-05,9.41101736038609e-05,0.000124863690471236,0.000188906062167268,0.000218561925878999,0.000157752730754167,8.45530105099392e-05,0.928687915673553,0.132321125759746
3549003,2,2,"Seguin (TP)",0.000245137685666783,0.000198835392699901,0.00022351166230917,0.000258051626973887,0.00039743872819607,0.000532150776053215,0.000576613429653162,0.000346667343090751,0.00546212244529098,0.169346756980225
3549005,1,1,"The Archipelago (TP)",1.83436363424123e-05,1.98835392699901e-05,1.47047146256033e-05,2.49727380942471e-05,6.13331370672947e-05,7.91891035793475e-05,9.79154880543105e-05,5.07318063059635e-05,0.00147013027569939,0.132321125759746
3549012,4,1,"McMurrich/Monteith (TP)",4.16900825963916e-05,4.26075841499787e-05,4.41141438768098e-05,4.71707275113557e-05,8.34130664115208e-05,0.000104529616724739,0.000108794986727012,5.91871073569574e-05,0.0509556829395033,0.132321125759746
3549014,4,2,"Perry (TP)",0.000145081487435443,0.000144865786109928,0.000158810917956515,0.000160935423274037,0.000213439316994186,0.000281913208742477,0.000255668218808477,0.000152195418917891,0.0509556829395033,0.169346756980225
3549018,4,1,"Kearney (T)",3.5019669380969e-05,4.26075841499787e-05,3.82322580265685e-05,4.99454761884942e-05,9.81330193076716e-05,0.000126702565726956,0.000119674485399713,7.60977094589453e-05,0.0509556829395033,0.132321125759746
3549019,4,2,"Armour (TP)",7.17069420657936e-05,5.68101121999716e-05,7.35235731280163e-05,7.76929629598799e-05,0.000142292877996124,0.000199556541019956,0.000174071978763219,0.000118374214713915,0.0509556829395033,0.169346756980225
3549022,5,3,"Burk's Falls (VL)",7.67097519773606e-05,5.96506178099702e-05,6.17598014275337e-05,5.82697222199099e-05,6.62397880326783e-05,9.18593601520431e-05,0.000103355237390661,8.45530105099392e-05,0.928687915673553,0.242733923355498
3549024,4,1,"Ryerson (TP)",2.5014049557835e-05,3.4086067319983e-05,2.94094292512065e-05,3.60717328028014e-05,6.13331370672947e-05,0.000107697180867913,8.15962400452587e-05,3.38212042039757e-05,0.0509556829395033,0.132321125759746
3549028,2,1,"McKellar (TP)",4.5025289204103e-05,3.69265729299815e-05,4.11732009516891e-05,5.82697222199099e-05,0.000105492995755747,0.000183718720304086,0.000201270725444971,8.45530105099392e-05,0.00546212244529098,0.132321125759746
3549031,2,3,"McDougall (MU)",0.000178433553512556,0.000130663258059935,0.000152929032106274,0.000172034417982591,0.000228159269890336,0.000307253721887868,0.000326384960181035,0.000202927225223854,0.00546212244529098,0.242733923355498
3549032,5,3,"Parry Sound (T)",0.000378545949975236,0.000428916347109786,0.000364676922714961,0.00036904157405943,0.000478398469124899,0.00061767500791891,0.000718046912398277,0.00107382323347623,0.928687915673553,0.242733923355498
3549036,2,1,"Carling (TP)",5.002809911567e-05,5.11291009799744e-05,4.41141438768098e-05,6.10444708970485e-05,0.000115306297686514,0.000155210643015521,0.000179511728099569,9.30083115609331e-05,0.00546212244529098,0.132321125759746
3549039,4,1,"Whitestone (MU)",2.66816528616907e-05,2.84050560999858e-05,2.35275434009652e-05,4.99454761884942e-05,0.000107946321238439,0.000152043078872347,0.000152312981417816,9.30083115609331e-05,0.0509556829395033,0.132321125759746
3549043,5,1,"Magnetawan (MU)",5.83661156349483e-05,5.96506178099702e-05,5.8818858502413e-05,7.21434656056028e-05,0.000132479576065357,0.000205891669306303,0.000206710474781322,0.000152195418917891,0.928687915673553,0.132321125759746
3549046,4,3,"Strong (TP)",8.33801651927833e-05,7.95341570799602e-05,7.05826302028957e-05,8.3242460314157e-05,0.000120212948651898,0.000183718720304086,0.000179511728099569,0.000118374214713915,0.0509556829395033,0.242733923355498
3549048,5,1,"Sundridge (VL)",5.83661156349483e-05,4.54480897599773e-05,4.70550868019304e-05,5.27202248656328e-05,7.35997644807537e-05,0.000104529616724739,0.000146873232081466,0.000126829515764909,0.928687915673553,0.132321125759746
3549051,5,5,"Joly (TP)",1.83436363424123e-05,8.52151682999574e-06,1.17637717004826e-05,1.942324073997e-05,2.69865803096097e-05,5.70161545771302e-05,3.26384960181035e-05,1.69106021019878e-05,0.928687915673553,0.0581201710039534
3549054,5,1,"Machar (TP)",4.16900825963916e-05,3.12455617099844e-05,3.23503721763272e-05,5.27202248656328e-05,7.85064154461372e-05,0.000133037694013304,0.000157752730754167,7.60977094589453e-05,0.928687915673553,0.132321125759746
3549056,5,2,"South River (VL)",7.67097519773606e-05,7.95341570799602e-05,6.7641687277775e-05,6.93687169284642e-05,8.34130664115208e-05,0.000110864745011086,0.000114234736063362,8.45530105099392e-05,0.928687915673553,0.169346756980225
3549060,3,4,"Powassan (MU)",0.000230129255932082,0.000167589830989916,0.000202925061833325,0.00023307888887964,0.000279679105026864,0.000319923978460564,0.000369902954871839,0.000498862762008641,0.0134241486659534,0.397478022900578
3549066,1,3,"Callander (MU)",0.000263481322009195,0.000167589830989916,0.000235275434009652,0.000302447605808104,0.000355732194990309,0.000405448210326259,0.000364463205535489,0.000202927225223854,0.00147013027569939,0.242733923355498
3549071,3,3,"Nipissing (TP)",0.00010005619823134,7.10126402499645e-05,9.11692306787402e-05,0.000122088941794097,0.000159466156374966,0.000221729490022173,0.000179511728099569,0.000109918913662921,0.0134241486659534,0.242733923355498
3549096,5,1,"Parry Sound, Unorganized, Centre Part (NO)",6.5036528850371e-05,5.3969606589973e-05,6.47007443526543e-05,8.87919576684342e-05,0.000220799293442261,0.00037377256889452,0.000397101701553592,0.000279024934682799,0.928687915673553,0.132321125759746
3551001,5,2,"Tehkummah (TP)",1.83436363424123e-05,1.13620224399943e-05,5.8818858502413e-06,2.77474867713857e-05,4.17065332057604e-05,7.91891035793475e-05,6.5276992036207e-05,4.22765052549696e-05,0.928687915673553,0.169346756980225
3551006,3,1,"Central Manitoulin (MU)",0.000103391404839051,7.38531458599631e-05,9.11692306787402e-05,0.000110989947085543,0.000181546085719192,0.000288248337028825,0.000348143957526437,0.00023674842942783,0.0134241486659534,0.132321125759746
3551011,3,3,"Assiginack (TP)",7.67097519773606e-05,4.54480897599773e-05,4.70550868019304e-05,6.38192195741871e-05,7.35997644807537e-05,0.000110864745011086,0.000157752730754167,5.91871073569574e-05,0.0134241486659534,0.242733923355498
3551017,4,2,"Northeastern Manitoulin and the Islands (MU)",0.000165092727081711,0.00011930123561994,0.00013528337455555,0.00017480916665973,0.000196266038615343,0.000304086157744694,0.000402541450889943,0.000363577945192739,0.0509556829395033,0.169346756980225
3551021,3,1,"Billings (TP)",2.66816528616907e-05,2.84050560999858e-05,1.76456575507239e-05,3.32969841256628e-05,5.39731606192194e-05,9.18593601520431e-05,8.70359893816093e-05,5.07318063059635e-05,0.0134241486659534,0.132321125759746
3551026,4,2,"Gore Bay (T)",4.66928925079586e-05,3.4086067319983e-05,4.11732009516891e-05,3.60717328028014e-05,7.60530899634455e-05,0.000101362052581565,0.000119674485399713,0.000177561322070872,0.0509556829395033,0.169346756980225
3551027,3,1,"Gordon/Barrie Island (MU)",2.33464462539793e-05,2.27240448799886e-05,1.47047146256033e-05,1.66484920628314e-05,5.15198351365276e-05,7.60215394361736e-05,8.15962400452587e-05,2.53659031529818e-05,0.0134241486659534,0.132321125759746
3551028,5,1,"Burpee and Mills (TP)",1.66760330385567e-05,1.42025280499929e-05,1.76456575507239e-05,1.942324073997e-05,2.94399057923015e-05,5.06810262907824e-05,3.80782453544541e-05,4.22765052549696e-05,0.928687915673553,0.132321125759746
3552001,5,1,"French River (M)",0.000136743470916165,9.08961795199546e-05,0.00013528337455555,0.000169259669305453,0.000267412477613405,0.000380107697180868,0.000337264458853736,0.000169106021019878,0.928687915673553,0.132321125759746
3552004,4,1,"St.-Charles (MU)",7.33745453696493e-05,3.69265729299815e-05,4.99960297270511e-05,9.15667063455728e-05,0.000132479576065357,0.000183718720304086,0.000130553984072414,9.30083115609331e-05,0.0509556829395033,0.132321125759746
3552013,4,1,"Markstay-Warren (MU)",0.000181768760120268,0.000150546797329925,0.000173515632582118,0.000188682910045423,0.000267412477613405,0.00025974025974026,0.000201270725444971,0.000126829515764909,0.0509556829395033,0.132321125759746
3552023,5,2,"Sables-Spanish Rivers (TP)",0.00023846727245136,0.000144865786109928,0.000185279404282601,0.000219205145493947,0.000287039081474939,0.000364269876464998,0.000310065712171983,0.000152195418917891,0.928687915673553,0.169346756980225
3552026,4,3,"Espanola (T)",0.000325182644251855,0.000312455617099844,0.000299976178362307,0.000324645595225212,0.000444051912367214,0.000490972442191954,0.000489577440271552,0.000414309751498702,0.0509556829395033,0.242733923355498
3552028,3,1,"Baldwin (TP)",3.5019669380969e-05,3.97670785399801e-05,2.94094292512065e-05,4.71707275113557e-05,5.88798115846029e-05,8.55242318656953e-05,4.89577440271552e-05,2.53659031529818e-05,0.0134241486659534,0.132321125759746
3552031,3,2,"Nairn and Hyman (TP)",2.0011239646268e-05,1.42025280499929e-05,2.64684863260859e-05,1.942324073997e-05,4.41598586884522e-05,3.48432055749129e-05,2.71987466817529e-05,8.45530105099392e-06,0.0134241486659534,0.169346756980225
3552036,5,1,"Killarney (MU)",1.5008429734701e-05,1.42025280499929e-05,2.05866004758446e-05,2.21979894171085e-05,3.92532077230686e-05,6.01837187203041e-05,5.98372426998564e-05,4.22765052549696e-05,0.928687915673553,0.132321125759746
3552092,5,3,"Chapleau (TP)",0.00013841107422002,0.000107939213179946,0.000129401488705309,0.000127638439148374,0.000181546085719192,0.000177383592017738,0.000163192480090517,0.000186016623121866,0.928687915673553,0.242733923355498
3552093,4,1,"Sudbury, Unorganized, North Part (NO)",0.000121735041181464,0.000102258201959949,0.000117637717004826,0.000163710171951176,0.000316478987267241,0.000424453595185303,0.000342704208190087,0.000126829515764909,0.0509556829395033,0.132321125759746
3553005,3,4,"Greater Sudbury (CV)",0.0114547670941846,0.0115750603607442,0.0115226143806227,0.0114375140471652,0.0127671058119281,0.0128983211910041,0.0134089821141042,0.0133762862626724,0.0134241486659534,0.397478022900578
3554001,4,2,"Coleman (TP)",3.5019669380969e-05,2.55645504899872e-05,3.23503721763272e-05,3.884648147994e-05,5.88798115846029e-05,6.96864111498258e-05,7.07167413725575e-05,3.38212042039757e-05,0.0509556829395033,0.169346756980225
3554006,4,1,"Latchford (T)",1.16732231269897e-05,1.42025280499929e-05,1.17637717004826e-05,1.942324073997e-05,3.4346556757685e-05,4.75134621476085e-05,4.35179946908046e-05,2.53659031529818e-05,0.0509556829395033,0.132321125759746
3554008,5,3,"Cobalt (T)",7.83773552812163e-05,5.96506178099702e-05,7.35235731280163e-05,7.21434656056028e-05,0.000100586344790363,0.000101362052581565,0.000119674485399713,9.30083115609331e-05,0.928687915673553,0.242733923355498
3554014,2,3,"Harris (TP)",4.16900825963916e-05,1.98835392699901e-05,3.52913151014478e-05,3.32969841256628e-05,5.15198351365276e-05,6.65188470066519e-05,4.89577440271552e-05,3.38212042039757e-05,0.00546212244529098,0.242733923355498
3554020,3,3,"Temiskaming Shores (CY)",0.000707063800834802,0.000570941627609715,0.000638184614751182,0.000654840687804702,0.000733544319324845,0.000912258473234083,0.00103355237390661,0.00109073383557822,0.0134241486659534,0.242733923355498
3554021,1,2,"Hudson (TP)",3.5019669380969e-05,2.27240448799886e-05,3.52913151014478e-05,2.77474867713857e-05,5.39731606192194e-05,5.38485904339563e-05,3.80782453544541e-05,4.22765052549696e-05,0.00147013027569939,0.169346756980225
3554024,2,4,"Kerns (TP)",3.5019669380969e-05,2.55645504899872e-05,2.35275434009652e-05,2.49727380942471e-05,2.45332548269179e-05,3.48432055749129e-05,2.71987466817529e-05,3.38212042039757e-05,0.00546212244529098,0.397478022900578
3554026,4,4,"Harley (TP)",4.83604958118143e-05,2.84050560999858e-05,3.52913151014478e-05,3.60717328028014e-05,4.41598586884522e-05,5.70161545771302e-05,3.80782453544541e-05,2.53659031529818e-05,0.0509556829395033,0.397478022900578
3554029,4,3,"Casey (TP)",3.5019669380969e-05,1.98835392699901e-05,3.23503721763272e-05,2.49727380942471e-05,3.67998822403768e-05,2.53405131453912e-05,1.63192480090517e-05,1.69106021019878e-05,0.0509556829395033,0.242733923355498
3554036,4,3,"Armstrong (TP)",9.83885949274843e-05,7.38531458599631e-05,8.82282877536196e-05,6.65939682513256e-05,8.58663918942126e-05,0.000104529616724739,0.000108794986727012,7.60977094589453e-05,0.0509556829395033,0.242733923355498
3554042,5,1,"James (TP)",2.16788429501237e-05,2.27240448799886e-05,2.05866004758446e-05,3.05222354485242e-05,4.6613184171144e-05,4.11783338612607e-05,4.89577440271552e-05,4.22765052549696e-05,0.928687915673553,0.132321125759746
3554044,5,5,"Charlton and Dack (MU)",7.0039338761938e-05,4.26075841499787e-05,4.41141438768098e-05,5.27202248656328e-05,4.6613184171144e-05,5.70161545771302e-05,4.35179946908046e-05,1.69106021019878e-05,0.928687915673553,0.0581201710039534
3554049,5,1,"Evanturel (TP)",3.5019669380969e-05,2.27240448799886e-05,3.23503721763272e-05,2.77474867713857e-05,3.67998822403768e-05,4.11783338612607e-05,4.35179946908046e-05,3.38212042039757e-05,0.928687915673553,0.132321125759746
3554052,5,2,"Englehart (T)",9.67209916236286e-05,9.37366851299531e-05,9.41101736038609e-05,9.43414550227113e-05,9.3226368342288e-05,0.000161545771301869,0.000141433482745115,0.000202927225223854,0.928687915673553,0.169346756980225
3554054,5,1,"Chamberlain (TP)",2.0011239646268e-05,1.98835392699901e-05,2.64684863260859e-05,2.21979894171085e-05,2.20799293442261e-05,3.1675641431739e-05,4.35179946908046e-05,3.38212042039757e-05,0.928687915673553,0.132321125759746
3554058,5,1,"McGarry (TP)",3.33520660771133e-05,2.84050560999858e-05,2.94094292512065e-05,2.77474867713857e-05,7.11464389980619e-05,6.96864111498258e-05,7.07167413725575e-05,5.91871073569574e-05,0.928687915673553,0.132321125759746
3554062,3,2,"Larder Lake (TP)",3.83548759886803e-05,4.82885953699759e-05,4.41141438768098e-05,4.71707275113557e-05,6.37864625499865e-05,8.86917960088692e-05,8.70359893816093e-05,4.22765052549696e-05,0.0134241486659534,0.169346756980225
3554068,5,2,"Kirkland Lake (T)",0.000543638677056947,0.000548217582729726,0.0005411334982222,0.000482806269822111,0.000635411300017173,0.00070636680392778,0.000739805909743679,0.000837074804048398,0.928687915673553,0.169346756980225
3554094,5,1,"Timiskaming, Unorganized, West Part (NO)",0.000213453222893525,0.000147706291719926,0.000170574689656998,0.000202556653431115,0.000316478987267241,0.000414950902755781,0.000304625962835633,0.000186016623121866,0.928687915673553,0.132321125759746
3556014,5,3,"Black River-Matheson (TP)",0.000176765950208701,0.000142025280499929,0.000123519602855067,0.00015538592591976,0.000218345967959569,0.000247070003167564,0.000244788720135776,0.000177561322070872,0.928687915673553,0.242733923355498
3556027,4,4,"Timmins (CY)",0.00323681801278385,0.00298253089049851,0.003046816870425,0.00306609728823812,0.00341257574642428,0.00316439657903073,0.00289938639627486,0.00254504561634917,0.0509556829395033,0.397478022900578
3556031,4,2,"Iroquois Falls (T)",0.00028849537156703,0.000255645504899872,0.0002705667491111,0.000288573862422411,0.00039743872819607,0.000452961672473868,0.000440619696244397,0.000524228665161623,0.0509556829395033,0.169346756980225
3556042,5,2,"Cochrane (T)",0.000416900825963916,0.000338020167589831,0.000335267493463754,0.000371816322736568,0.000424425308505679,0.000456129236617041,0.000446059445580748,0.000414309751498702,0.928687915673553,0.169346756980225
3556048,5,1,"Smooth Rock Falls (T)",6.83717354580823e-05,6.81721346399659e-05,5.58779155772924e-05,8.04677116370185e-05,0.000117759623169206,0.000180551156160912,0.000157752730754167,0.000160650719968884,0.928687915673553,0.132321125759746
3556052,5,1,"Fauquier-Strickland (TP)",1.83436363424123e-05,1.98835392699901e-05,2.35275434009652e-05,3.32969841256628e-05,6.62397880326783e-05,6.96864111498258e-05,9.24757387179599e-05,3.38212042039757e-05,0.928687915673553,0.132321125759746
3556056,3,1,"Moonbeam (TP)",7.0039338761938e-05,5.3969606589973e-05,6.47007443526543e-05,8.3242460314157e-05,0.000132479576065357,0.000133037694013304,0.000141433482745115,0.000109918913662921,0.0134241486659534,0.132321125759746
3556066,4,3,"Kapuskasing (T)",0.00057699074313406,0.000488566964919756,0.000517605954821235,0.000516103253947774,0.000711464389980619,0.000776053215077605,0.000799643152443535,0.000811708900895416,0.0509556829395033,0.242733923355498
3556070,4,1,"Val Rita-Harty (TP)",5.5030909027237e-05,4.54480897599773e-05,4.41141438768098e-05,5.54949735427714e-05,7.60530899634455e-05,6.96864111498258e-05,6.5276992036207e-05,1.69106021019878e-05,0.0509556829395033,0.132321125759746
3556076,3,2,"Hearst (T)",0.000340191073986556,0.000284050560999858,0.000308799007137669,0.000341294087288044,0.000426878633988371,0.000478302185619259,0.000505896688280604,0.000541139267263611,0.0134241486659534,0.169346756980225
3556077,5,1,"Mattice-Val Ct (TP)",4.16900825963916e-05,2.55645504899872e-05,4.11732009516891e-05,4.16212301570785e-05,7.11464389980619e-05,6.96864111498258e-05,6.5276992036207e-05,3.38212042039757e-05,0.928687915673553,0.132321125759746
3556092,4,1,"Cochrane, Unorganized, North Part (NO)",0.000203447603070391,0.00015906831415992,0.000197043175983084,0.000197007156076838,0.000294399057923015,0.000247070003167564,0.000233909221463075,0.000126829515764909,0.0509556829395033,0.132321125759746
3556106,5,5,"Moosonee (TV)",0.000183436363424123,0.00013918477488993,0.000117637717004826,9.98909523769885e-05,8.0959740928829e-05,5.70161545771302e-05,3.80782453544541e-05,1.69106021019878e-05,0.928687915673553,0.0581201710039534
3557001,2,1,"Jocelyn (TP)",8.33801651927833e-06,8.52151682999574e-06,1.17637717004826e-05,1.10989947085543e-05,3.4346556757685e-05,6.3351282863478e-05,5.43974933635058e-05,2.53659031529818e-05,0.00546212244529098,0.132321125759746
3557004,1,1,"Hilton (TP)",1.33408264308453e-05,1.13620224399943e-05,1.47047146256033e-05,1.38737433856928e-05,2.45332548269179e-05,4.75134621476085e-05,5.43974933635058e-05,1.69106021019878e-05,0.00147013027569939,0.132321125759746
3557008,2,1,"St. Joseph (TP)",6.67041321542266e-05,5.11291009799744e-05,4.99960297270511e-05,6.38192195741871e-05,0.000103039670273055,0.000190053848590434,0.000174071978763219,0.000135284816815903,0.00546212244529098,0.132321125759746
3557011,2,1,"Laird (TP)",7.0039338761938e-05,6.81721346399659e-05,6.17598014275337e-05,6.38192195741871e-05,0.000100586344790363,0.00011403230915426,9.24757387179599e-05,5.91871073569574e-05,0.00546212244529098,0.132321125759746
3557014,1,4,"Tarbutt and Tarbutt Additional (TP)",3.5019669380969e-05,3.4086067319983e-05,2.35275434009652e-05,4.16212301570785e-05,4.90665096538358e-05,6.65188470066519e-05,4.89577440271552e-05,8.45530105099392e-06,0.00147013027569939,0.397478022900578
3557016,5,3,"Johnson (TP)",7.0039338761938e-05,4.54480897599773e-05,3.23503721763272e-05,4.16212301570785e-05,5.88798115846029e-05,7.28539752929997e-05,7.61564907089081e-05,4.22765052549696e-05,0.928687915673553,0.242733923355498
3557019,3,3,"Plummer Additional (TP)",5.002809911567e-05,3.4086067319983e-05,2.94094292512065e-05,2.77474867713857e-05,5.88798115846029e-05,8.86917960088692e-05,7.07167413725575e-05,4.22765052549696e-05,0.0134241486659534,0.242733923355498
3557021,4,1,"Bruce Mines (T)",3.16844627732576e-05,1.70430336599915e-05,2.94094292512065e-05,3.05222354485242e-05,4.90665096538358e-05,7.28539752929997e-05,8.15962400452587e-05,8.45530105099392e-05,0.0509556829395033,0.132321125759746
3557028,5,1,"Thessalon (T)",6.67041321542266e-05,4.82885953699759e-05,4.70550868019304e-05,8.3242460314157e-05,0.000122666274134589,0.000139372822299652,0.000179511728099569,0.000245203730478824,0.928687915673553,0.132321125759746
3557035,5,2,"Huron Shores (MU)",9.67209916236286e-05,6.24911234199688e-05,5.8818858502413e-05,0.000113764695762681,0.00016437280734035,0.000224897054165347,0.000212150224117673,0.000126829515764909,0.928687915673553,0.169346756980225
3557038,5,2,"Blind River (T)",0.000216788429501237,0.000173270842209913,0.000202925061833325,0.000197007156076838,0.000318932312749933,0.000402280646183085,0.000369902954871839,0.000321301439937769,0.928687915673553,0.169346756980225
3557039,5,1,"Spanish (T)",4.33576859002473e-05,3.4086067319983e-05,3.52913151014478e-05,3.60717328028014e-05,7.11464389980619e-05,9.18593601520431e-05,7.07167413725575e-05,5.07318063059635e-05,0.928687915673553,0.132321125759746
3557040,4,1,"The North Shore (TP)",2.0011239646268e-05,1.13620224399943e-05,1.17637717004826e-05,2.49727380942471e-05,5.39731606192194e-05,8.55242318656953e-05,8.15962400452587e-05,5.07318063059635e-05,0.0509556829395033,0.132321125759746
3557041,5,2,"Elliot Lake (CY)",0.000493610577941277,0.000445959380769777,0.000461728039243942,0.000480031521144972,0.000839037315080592,0.00145074437757365,0.00203446625179512,0.00160650719968884,0.928687915673553,0.169346756980225
3557051,2,3,"Macdonald, Meredith and Aberdeen Additional (TP)",0.000123402644485319,9.65771907399517e-05,0.000108814888229464,0.000102665701054127,0.000139839552513432,0.000161545771301869,0.000119674485399713,0.000101463612611927,0.00546212244529098,0.242733923355498
3557061,4,4,"Sault Ste. Marie (CY)",0.00476601024241949,0.00495384178383752,0.00474668188114473,0.00466157777759279,0.00589779446039106,0.00656636046879949,0.00717502937464642,0.00832001623417802,0.0509556829395033,0.397478022900578
3557066,1,3,"Prince (TP)",6.67041321542266e-05,4.82885953699759e-05,6.17598014275337e-05,8.04677116370185e-05,8.58663918942126e-05,0.000117199873297434,9.24757387179599e-05,5.91871073569574e-05,0.00147013027569939,0.242733923355498
3557076,3,2,"Wawa (MU)",0.000196777189854969,0.000190313875869905,0.000161751860881636,0.000219205145493947,0.000240425897303795,0.000291415901171999,0.000250228469472127,0.000219837827325842,0.0134241486659534,0.169346756980225
3557079,5,1,"Dubreuilville (TP)",4.83604958118143e-05,3.12455617099844e-05,4.70550868019304e-05,6.10444708970485e-05,3.92532077230686e-05,6.01837187203041e-05,4.35179946908046e-05,1.69106021019878e-05,0.928687915673553,0.132321125759746
3557091,4,1,"White River (TP)",3.66872726848246e-05,4.82885953699759e-05,3.82322580265685e-05,4.71707275113557e-05,7.60530899634455e-05,5.70161545771302e-05,4.35179946908046e-05,3.38212042039757e-05,0.0509556829395033,0.132321125759746
3557095,4,1,"Algoma, Unorganized, North Part (NO)",0.000315177024428721,0.000281210055389859,0.00031468089298791,0.000346843584642321,0.000608424719707564,0.000715869496357301,0.000641890421689369,0.000312846138886775,0.0509556829395033,0.132321125759746
3557096,5,2,"Hornepayne (TP)",7.50421486735049e-05,7.10126402499645e-05,5.8818858502413e-05,8.04677116370185e-05,8.83197173769044e-05,7.60215394361736e-05,5.43974933635058e-05,5.07318063059635e-05,0.928687915673553,0.169346756980225
3558001,3,2,"Neebing (MU)",0.00013841107422002,0.000110779718789945,0.000123519602855067,0.00013596268517979,0.00020607934054611,0.000256572695597086,0.000114234736063362,8.45530105099392e-05,0.0134241486659534,0.169346756980225
3558004,4,4,"Thunder Bay (CY)",0.00716068858675623,0.00830563840363585,0.00724354242457217,0.00725041829336308,0.00836338657049631,0.00922394678492239,0.00922581487445059,0.0107466876358133,0.0509556829395033,0.397478022900578
3558011,1,4,"Oliver Paipoonge (MU)",0.00043857966891404,0.000352222695639824,0.000391145409041047,0.00040788805553937,0.000554451559088344,0.000525815647766867,0.00046781844292615,0.000321301439937769,0.00147013027569939,0.397478022900578
3558012,4,1,"Gillies (TP)",3.83548759886803e-05,2.55645504899872e-05,2.94094292512065e-05,3.60717328028014e-05,4.41598586884522e-05,4.43458980044346e-05,4.35179946908046e-05,2.53659031529818e-05,0.0509556829395033,0.132321125759746
3558016,2,2,"O'Connor (TP)",4.66928925079586e-05,3.4086067319983e-05,4.70550868019304e-05,5.54949735427714e-05,5.64264861019111e-05,6.65188470066519e-05,5.98372426998564e-05,1.69106021019878e-05,0.00546212244529098,0.169346756980225
3558019,4,2,"Conmee (TP)",7.33745453696493e-05,6.53316290299673e-05,4.41141438768098e-05,6.65939682513256e-05,6.86931135153701e-05,6.3351282863478e-05,4.35179946908046e-05,2.53659031529818e-05,0.0509556829395033,0.169346756980225
3558028,1,1,"Shuniah (MU)",0.000148416694043154,0.00013918477488993,0.000152929032106274,0.000169259669305453,0.00027477245406148,0.000380107697180868,0.000304625962835633,0.000186016623121866,0.00147013027569939,0.132321125759746
3558034,4,2,"Dorion (TP)",1.83436363424123e-05,1.70430336599915e-05,1.76456575507239e-05,1.942324073997e-05,3.18932312749933e-05,4.11783338612607e-05,2.71987466817529e-05,2.53659031529818e-05,0.0509556829395033,0.169346756980225
3558041,5,2,"Red Rock (TP)",7.0039338761938e-05,3.69265729299815e-05,5.29369726521717e-05,5.27202248656328e-05,7.85064154461372e-05,9.5026924295217e-05,9.24757387179599e-05,5.91871073569574e-05,0.928687915673553,0.169346756980225
3558044,5,1,"Nipigon (TP)",0.000123402644485319,7.66936514699617e-05,8.82282877536196e-05,0.000102665701054127,0.000130026250582665,0.000167880899588217,0.000174071978763219,0.000186016623121866,0.928687915673553,0.132321125759746
3558051,3,1,"Schreiber (TP)",6.33689255465153e-05,6.24911234199688e-05,4.99960297270511e-05,7.76929629598799e-05,0.000120212948651898,9.5026924295217e-05,9.24757387179599e-05,9.30083115609331e-05,0.0134241486659534,0.132321125759746
3558054,2,2,"Terrace Bay (TP)",0.000103391404839051,8.23746626899588e-05,0.000114696774079705,8.04677116370185e-05,0.000161919481857658,0.000174216027874564,0.000146873232081466,0.000126829515764909,0.00546212244529098,0.169346756980225
3558059,3,4,"Marathon (T)",0.000228461652628226,0.000201675898309899,0.000235275434009652,0.000216430396816808,0.00034346556757685,0.000297751029458347,0.000217589973454023,0.000143740117866897,0.0134241486659534,0.397478022900578
3558066,5,2,"Manitouwadge (TP)",0.000126737851093031,0.000102258201959949,0.000111755831154585,0.00011653944443982,0.000186452736684576,0.000218561925878999,0.000206710474781322,0.000109918913662921,0.928687915673553,0.169346756980225
3558075,5,3,"Greenstone (MU)",0.000346861487201978,0.000272688538559864,0.000267625806185979,0.000344068835965182,0.000409705355609529,0.000440291415901172,0.000353583706862788,0.000304390837835781,0.928687915673553,0.242733923355498
3558090,4,1,"Thunder Bay, Unorganized (NO)",0.000341858677290411,0.000289731572219855,0.000332326550538634,0.0003884648147994,0.000591251441328721,0.000776053215077605,0.000527655685626006,0.000262114332580812,0.0509556829395033,0.132321125759746
3559001,5,1,"Atikokan (T)",0.000181768760120268,0.000136344269279932,0.000138224317480671,0.0001942324073997,0.000257599175682638,0.000275578080456129,0.000250228469472127,0.000321301439937769,0.928687915673553,0.132321125759746
3559011,1,4,"Alberton (TP)",8.17125618889276e-05,5.68101121999716e-05,7.35235731280163e-05,6.38192195741871e-05,8.34130664115208e-05,8.55242318656953e-05,5.43974933635058e-05,3.38212042039757e-05,0.00147013027569939,0.397478022900578
3559012,4,3,"Fort Frances (T)",0.000575323139830205,0.000502769492969749,0.000470550868019304,0.000524427499979189,0.000605971394224872,0.000649350649350649,0.00065276992036207,0.000887806610354362,0.0509556829395033,0.242733923355498
3559016,3,2,"La Vallee (TP)",7.17069420657936e-05,6.24911234199688e-05,5.58779155772924e-05,6.93687169284642e-05,9.07730428595962e-05,7.60215394361736e-05,7.61564907089081e-05,3.38212042039757e-05,0.0134241486659534,0.169346756980225
3559019,2,4,"Emo (TP)",0.000123402644485319,8.8055673909956e-05,8.23464019033783e-05,8.3242460314157e-05,0.000100586344790363,9.18593601520431e-05,0.000108794986727012,0.000143740117866897,0.00546212244529098,0.397478022900578
3559024,4,3,"Chapple (TP)",6.5036528850371e-05,2.55645504899872e-05,4.99960297270511e-05,4.16212301570785e-05,3.18932312749933e-05,6.65188470066519e-05,4.89577440271552e-05,2.53659031529818e-05,0.0509556829395033,0.242733923355498
3559031,5,2,"Morley (TP)",4.5025289204103e-05,2.55645504899872e-05,3.23503721763272e-05,2.49727380942471e-05,3.4346556757685e-05,4.75134621476085e-05,3.26384960181035e-05,3.38212042039757e-05,0.928687915673553,0.169346756980225
3559040,1,1,"Dawson (TP)",3.0016859469402e-05,1.42025280499929e-05,2.05866004758446e-05,2.77474867713857e-05,4.17065332057604e-05,6.65188470066519e-05,4.89577440271552e-05,4.22765052549696e-05,0.00147013027569939,0.132321125759746
3559042,3,2,"Rainy River (T)",5.83661156349483e-05,3.69265729299815e-05,3.23503721763272e-05,4.43959788342171e-05,5.39731606192194e-05,8.86917960088692e-05,0.000103355237390661,0.000152195418917891,0.0134241486659534,0.169346756980225
3559090,2,1,"Rainy River, Unorganized (NO)",7.33745453696493e-05,5.11291009799744e-05,5.8818858502413e-05,8.04677116370185e-05,0.000154559505409583,0.000190053848590434,0.000174071978763219,0.000118374214713915,0.00546212244529098,0.132321125759746
3560001,5,1,"Ignace (TP)",7.33745453696493e-05,5.3969606589973e-05,5.8818858502413e-05,7.49182142827413e-05,0.000117759623169206,0.000158378207158695,0.000146873232081466,5.91871073569574e-05,0.928687915673553,0.132321125759746
3560008,3,1,"Sioux Narrows-Nestor Falls (TP)",2.16788429501237e-05,1.98835392699901e-05,2.05866004758446e-05,3.32969841256628e-05,5.15198351365276e-05,9.5026924295217e-05,8.15962400452587e-05,3.38212042039757e-05,0.0134241486659534,0.132321125759746
3560010,3,3,"Kenora (CY)",0.00107893933759462,0.00102542252520949,0.000979333994065177,0.000982261031707053,0.0012561026471382,0.00135254988913525,0.00117498585665173,0.00142049057656698,0.0134241486659534,0.242733923355498
3560021,5,1,"Machin (MU)",5.83661156349483e-05,5.11291009799744e-05,5.58779155772924e-05,6.65939682513256e-05,9.3226368342288e-05,0.00011403230915426,8.70359893816093e-05,5.91871073569574e-05,0.928687915673553,0.132321125759746
3560027,4,3,"Dryden (CY)",0.000553644296880081,0.000502769492969749,0.000467609925094184,0.000524427499979189,0.000632957974534482,0.000677858726639214,0.000723486661734627,0.000752521793538459,0.0509556829395033,0.242733923355498
3560032,4,3,"Ear Falls (TP)",8.33801651927833e-05,6.81721346399659e-05,7.35235731280163e-05,6.93687169284642e-05,7.11464389980619e-05,7.91891035793475e-05,7.61564907089081e-05,5.07318063059635e-05,0.0509556829395033,0.242733923355498
3560034,4,5,"Sioux Lookout (MU)",0.000471931734991153,0.000423235335889788,0.000447023324618339,0.000357942579350875,0.000392532077230686,0.000354767184035477,0.000228469472126724,0.000228293128376836,0.0509556829395033,0.0581201710039534
3560042,1,4,"Red Lake (MU)",0.00032685024755571,0.000338020167589831,0.000344090322239116,0.000263601124328164,0.000321385638232624,0.000304086157744694,0.000239348970799426,0.000186016623121866,0.00147013027569939,0.397478022900578
3560049,5,4,"Pickle Lake (TP)",3.83548759886803e-05,4.26075841499787e-05,2.64684863260859e-05,2.77474867713857e-05,2.94399057923015e-05,2.53405131453912e-05,1.08794986727012e-05,0,0.928687915673553,0.397478022900578
3560090,4,1,"Kenora, Unorganized (NO)",0.000403559999533071,0.000303934100269848,0.000347031265164237,0.000418987050247924,0.000664851205809475,0.00087741526765917,0.000718046912398277,0.000414309751498702,0.0509556829395033,0.132321125759746
